ISO-10303-21;
HEADER;
FILE_DESCRIPTION (( 'STEP AP214' ),
    '1' );
FILE_NAME ('底座.STEP',
    '2026-08-30T16:06:29',
    ( '' ),
    ( '' ),
    'SwSTEP 2.0',
    'SolidWorks 2022',
    '' );
FILE_SCHEMA (( 'AUTOMOTIVE_DESIGN' ));
ENDSEC;

DATA;
#1 = SURFACE_STYLE_USAGE ( .BOTH. , #149 ) ;
#2 = CARTESIAN_POINT ( 'NONE',  ( 14.99999999999998579, 48.99999999999999289, 0.000000000000000000 ) ) ;
#3 = VERTEX_POINT ( 'NONE', #583 ) ;
#4 = ADVANCED_FACE ( 'NONE', ( #1448 ), #596, .T. ) ;
#5 = CARTESIAN_POINT ( 'NONE',  ( -46.00000000000001421, 48.99999999999999289, -5.000000000000000000 ) ) ;
#6 = EDGE_CURVE ( 'NONE', #405, #931, #471, .T. ) ;
#7 = LINE ( 'NONE', #499, #241 ) ;
#8 = AXIS2_PLACEMENT_3D ( 'NONE', #386, #872, #1361 ) ;
#9 = AXIS2_PLACEMENT_3D ( 'NONE', #40, #1537, #1135 ) ;
#10 = CIRCLE ( 'NONE', #576, 10.00000000000000178 ) ;
#11 = CARTESIAN_POINT ( 'NONE',  ( 14.99999999999998579, 48.99999999999999289, -5.000000000000000000 ) ) ;
#12 = DIRECTION ( 'NONE',  ( -1.176083712526648949E-16, 1.000000000000000000, 0.000000000000000000 ) ) ;
#13 = ORIENTED_EDGE ( 'NONE', *, *, #625, .T. ) ;
#14 = CIRCLE ( 'NONE', #1458, 5.000000000000004441 ) ;
#15 = CARTESIAN_POINT ( 'NONE',  ( -97.00000000000001421, -48.99999999999998579, -5.000000000000000000 ) ) ;
#16 = DIRECTION ( 'NONE',  ( 0.000000000000000000, 0.000000000000000000, 1.000000000000000000 ) ) ;
#17 = CIRCLE ( 'NONE', #203, 5.000000000000004441 ) ;
#18 = CARTESIAN_POINT ( 'NONE',  ( 14.99999999999998579, 48.99999999999999289, -5.000000000000000000 ) ) ;
#19 = EDGE_CURVE ( 'NONE', #1563, #192, #845, .T. ) ;
#20 = DIRECTION ( 'NONE',  ( 1.000000000000000000, 0.000000000000000000, 0.000000000000000000 ) ) ;
#21 = CARTESIAN_POINT ( 'NONE',  ( -9.999999999999991118, 20.00000000000000355, 3.500000000000000000 ) ) ;
#22 = ORIENTED_EDGE ( 'NONE', *, *, #848, .T. ) ;
#23 = CARTESIAN_POINT ( 'NONE',  ( -27.00000000000001066, -3.175426023821953320E-15, 3.500000000000000000 ) ) ;
#24 = VERTEX_POINT ( 'NONE', #724 ) ;
#25 = PLANE ( 'NONE',  #991 ) ;
#26 = ADVANCED_FACE ( 'NONE', ( #1574 ), #1426, .T. ) ;
#27 = CARTESIAN_POINT ( 'NONE',  ( -97.00000000000001421, 59.00000000000000000, 3.500000000000000000 ) ) ;
#28 = DIRECTION ( 'NONE',  ( -0.000000000000000000, -0.000000000000000000, 1.000000000000000000 ) ) ;
#29 = ORIENTED_EDGE ( 'NONE', *, *, #804, .T. ) ;
#30 = CIRCLE ( 'NONE', #592, 5.000000000000004441 ) ;
#31 = EDGE_CURVE ( 'NONE', #559, #359, #976, .T. ) ;
#32 = DIRECTION ( 'NONE',  ( -1.000000000000000000, 0.000000000000000000, 0.000000000000000000 ) ) ;
#33 = ORIENTED_EDGE ( 'NONE', *, *, #717, .T. ) ;
#34 = CARTESIAN_POINT ( 'NONE',  ( 25.00000000000000000, -48.99999999999998579, 0.000000000000000000 ) ) ;
#35 = ORIENTED_EDGE ( 'NONE', *, *, #381, .F. ) ;
#36 = VECTOR ( 'NONE', #360, 1000.000000000000000 ) ;
#37 = ADVANCED_FACE ( 'NONE', ( #1124 ), #603, .F. ) ;
#38 = DIRECTION ( 'NONE',  ( 0.000000000000000000, -0.000000000000000000, -1.000000000000000000 ) ) ;
#39 = VECTOR ( 'NONE', #868, 1000.000000000000000 ) ;
#40 = CARTESIAN_POINT ( 'NONE',  ( -41.00000000000001421, 48.99999999999999289, 0.000000000000000000 ) ) ;
#41 = ORIENTED_EDGE ( 'NONE', *, *, #618, .F. ) ;
#42 = FACE_OUTER_BOUND ( 'NONE', #1042, .T. ) ;
#43 = ORIENTED_EDGE ( 'NONE', *, *, #710, .T. ) ;
#44 = AXIS2_PLACEMENT_3D ( 'NONE', #343, #1572, #473 ) ;
#45 = CARTESIAN_POINT ( 'NONE',  ( -92.00000000000001421, 48.99999999999999289, 0.000000000000000000 ) ) ;
#46 = ORIENTED_EDGE ( 'NONE', *, *, #380, .T. ) ;
#47 = LINE ( 'NONE', #309, #1169 ) ;
#48 = CIRCLE ( 'NONE', #1196, 4.999999999999997335 ) ;
#49 = APPLICATION_CONTEXT ( 'automotive_design' ) ;
#50 = FACE_OUTER_BOUND ( 'NONE', #1066, .T. ) ;
#51 = ORIENTED_EDGE ( 'NONE', *, *, #628, .F. ) ;
#52 = VERTEX_POINT ( 'NONE', #759 ) ;
#53 = SURFACE_STYLE_FILL_AREA ( #805 ) ;
#54 = VERTEX_POINT ( 'NONE', #1000 ) ;
#55 = ADVANCED_FACE ( 'NONE', ( #1582 ), #1484, .T. ) ;
#56 = ORIENTED_EDGE ( 'NONE', *, *, #606, .T. ) ;
#57 = EDGE_CURVE ( 'NONE', #490, #127, #1110, .T. ) ;
#58 = CARTESIAN_POINT ( 'NONE',  ( 14.99999999999998579, 48.99999999999999289, 3.500000000000000000 ) ) ;
#59 = LINE ( 'NONE', #1023, #1067 ) ;
#60 = ORIENTED_EDGE ( 'NONE', *, *, #57, .T. ) ;
#61 = CARTESIAN_POINT ( 'NONE',  ( -8.499999999999989342, -20.00000000000000355, 0.000000000000000000 ) ) ;
#62 = ORIENTED_EDGE ( 'NONE', *, *, #452, .T. ) ;
#63 = EDGE_CURVE ( 'NONE', #788, #99, #1013, .T. ) ;
#64 = ADVANCED_FACE ( 'NONE', ( #1469 ), #852, .T. ) ;
#65 = ORIENTED_EDGE ( 'NONE', *, *, #1576, .F. ) ;
#66 = CYLINDRICAL_SURFACE ( 'NONE', #715, 1.500000000000001332 ) ;
#67 = CARTESIAN_POINT ( 'NONE',  ( -105.0000000000000284, -54.99999999999999289, 23.50000000000000000 ) ) ;
#68 = LINE ( 'NONE', #293, #799 ) ;
#69 = ORIENTED_EDGE ( 'NONE', *, *, #1549, .T. ) ;
#70 = ORIENTED_EDGE ( 'NONE', *, *, #748, .T. ) ;
#71 = CIRCLE ( 'NONE', #1377, 4.999999999999997335 ) ;
#72 = DIRECTION ( 'NONE',  ( -0.000000000000000000, -0.000000000000000000, -1.000000000000000000 ) ) ;
#73 = CARTESIAN_POINT ( 'NONE',  ( -107.0000000000000142, 48.99999999999999289, 0.000000000000000000 ) ) ;
#74 = VECTOR ( 'NONE', #1216, 1000.000000000000000 ) ;
#75 = EDGE_CURVE ( 'NONE', #450, #415, #324, .T. ) ;
#76 = COLOUR_RGB ( '',1.000000000000000000, 1.000000000000000000, 1.000000000000000000 ) ;
#77 = FACE_OUTER_BOUND ( 'NONE', #1319, .T. ) ;
#78 = CARTESIAN_POINT ( 'NONE',  ( -25.00000000000000000, -59.00000000000000000, 3.500000000000000000 ) ) ;
#79 = ORIENTED_EDGE ( 'NONE', *, *, #57, .F. ) ;
#80 = ORIENTED_EDGE ( 'NONE', *, *, #744, .F. ) ;
#81 = ADVANCED_FACE ( 'NONE', ( #476 ), #486, .T. ) ;
#82 = DIRECTION ( 'NONE',  ( 1.000000000000000000, 0.000000000000000000, 0.000000000000000000 ) ) ;
#83 = FACE_OUTER_BOUND ( 'NONE', #436, .T. ) ;
#84 = DIRECTION ( 'NONE',  ( 0.000000000000000000, -0.000000000000000000, -1.000000000000000000 ) ) ;
#85 = ORIENTED_EDGE ( 'NONE', *, *, #1209, .F. ) ;
#86 = ORIENTED_EDGE ( 'NONE', *, *, #1098, .F. ) ;
#87 = CARTESIAN_POINT ( 'NONE',  ( -27.00000000000001776, 56.99999999999999289, 3.500000000000000000 ) ) ;
#88 = DIRECTION ( 'NONE',  ( -0.000000000000000000, -0.000000000000000000, -1.000000000000000000 ) ) ;
#89 = DIRECTION ( 'NONE',  ( 0.000000000000000000, 0.000000000000000000, -1.000000000000000000 ) ) ;
#90 = VECTOR ( 'NONE', #1338, 1000.000000000000000 ) ;
#91 = ORIENTED_EDGE ( 'NONE', *, *, #387, .F. ) ;
#92 = AXIS2_PLACEMENT_3D ( 'NONE', #731, #1493, #236 ) ;
#93 = ORIENTED_EDGE ( 'NONE', *, *, #1362, .T. ) ;
#94 = AXIS2_PLACEMENT_3D ( 'NONE', #78, #1271, #1171 ) ;
#95 = VECTOR ( 'NONE', #259, 1000.000000000000000 ) ;
#96 = DIRECTION ( 'NONE',  ( 0.000000000000000000, 0.000000000000000000, -1.000000000000000000 ) ) ;
#97 = CARTESIAN_POINT ( 'NONE',  ( -11.49999999999999289, -20.00000000000000355, 0.000000000000000000 ) ) ;
#98 = CARTESIAN_POINT ( 'NONE',  ( 8.499999999999989342, 20.00000000000000355, 3.500000000000000000 ) ) ;
#99 = VERTEX_POINT ( 'NONE', #129 ) ;
#100 = ADVANCED_FACE ( 'NONE', ( #629 ), #754, .T. ) ;
#101 =( GEOMETRIC_REPRESENTATION_CONTEXT ( 3 ) GLOBAL_UNCERTAINTY_ASSIGNED_CONTEXT ( ( #1459 ) ) GLOBAL_UNIT_ASSIGNED_CONTEXT ( ( #1043, #924, #1164 ) ) REPRESENTATION_CONTEXT ( 'NONE', 'WORKASPACE' ) );
#102 = DIRECTION ( 'NONE',  ( 1.000000000000000000, 0.000000000000000000, 0.000000000000000000 ) ) ;
#103 = CYLINDRICAL_SURFACE ( 'NONE', #554, 1.500000000000001332 ) ;
#104 = DIRECTION ( 'NONE',  ( 0.000000000000000000, 0.000000000000000000, 1.000000000000000000 ) ) ;
#105 = CYLINDRICAL_SURFACE ( 'NONE', #44, 5.000000000000004441 ) ;
#106 = EDGE_LOOP ( 'NONE', ( #304, #69, #22, #41 ) ) ;
#107 = EDGE_CURVE ( 'NONE', #722, #694, #737, .T. ) ;
#108 = ORIENTED_EDGE ( 'NONE', *, *, #1241, .F. ) ;
#109 = EDGE_CURVE ( 'NONE', #151, #547, #114, .T. ) ;
#110 = DIRECTION ( 'NONE',  ( -1.000000000000000000, 0.000000000000000000, 0.000000000000000000 ) ) ;
#111 = DIRECTION ( 'NONE',  ( 1.000000000000000000, 0.000000000000000000, 0.000000000000000000 ) ) ;
#112 = FACE_OUTER_BOUND ( 'NONE', #1286, .T. ) ;
#113 = ORIENTED_EDGE ( 'NONE', *, *, #439, .T. ) ;
#114 = LINE ( 'NONE', #372, #1431 ) ;
#115 = AXIS2_PLACEMENT_3D ( 'NONE', #1255, #431, #790 ) ;
#116 = LINE ( 'NONE', #1499, #1010 ) ;
#117 = AXIS2_PLACEMENT_3D ( 'NONE', #1471, #1256, #368 ) ;
#118 = CARTESIAN_POINT ( 'NONE',  ( -9.999999999999991118, 20.00000000000000355, 3.500000000000000000 ) ) ;
#119 = CYLINDRICAL_SURFACE ( 'NONE', #1142, 1.500000000000001332 ) ;
#120 = ORIENTED_EDGE ( 'NONE', *, *, #1466, .F. ) ;
#121 = DIRECTION ( 'NONE',  ( 0.000000000000000000, 0.000000000000000000, 1.000000000000000000 ) ) ;
#122 = DIRECTION ( 'NONE',  ( 1.000000000000000000, 0.000000000000000000, 0.000000000000000000 ) ) ;
#123 = MECHANICAL_DESIGN_GEOMETRIC_PRESENTATION_REPRESENTATION (  '', ( #1246 ), #101 ) ;
#124 = ADVANCED_FACE ( 'NONE', ( #1591 ), #1217, .T. ) ;
#125 = DIRECTION ( 'NONE',  ( -0.000000000000000000, -0.000000000000000000, -1.000000000000000000 ) ) ;
#126 = DIRECTION ( 'NONE',  ( -1.176083712526648949E-16, 1.000000000000000000, -0.000000000000000000 ) ) ;
#127 = VERTEX_POINT ( 'NONE', #267 ) ;
#128 = LINE ( 'NONE', #5, #357 ) ;
#129 = CARTESIAN_POINT ( 'NONE',  ( -107.0000000000000000, -57.00000000000000000, 0.000000000000000000 ) ) ;
#130 = CARTESIAN_POINT ( 'NONE',  ( -27.00000000000000355, -59.00000000000000000, 3.500000000000000000 ) ) ;
#131 =( LENGTH_UNIT ( ) NAMED_UNIT ( * ) SI_UNIT ( .MILLI., .METRE. ) );
#132 = DIRECTION ( 'NONE',  ( -0.000000000000000000, -0.000000000000000000, 1.000000000000000000 ) ) ;
#133 = ORIENTED_EDGE ( 'NONE', *, *, #137, .F. ) ;
#134 = FACE_OUTER_BOUND ( 'NONE', #364, .T. ) ;
#135 = DIRECTION ( 'NONE',  ( 1.000000000000000000, 0.000000000000000000, 0.000000000000000000 ) ) ;
#136 = AXIS2_PLACEMENT_3D ( 'NONE', #213, #1316, #598 ) ;
#137 = EDGE_CURVE ( 'NONE', #1396, #595, #637, .T. ) ;
#138 = PLANE ( 'NONE',  #789 ) ;
#139 =( NAMED_UNIT ( * ) SI_UNIT ( $, .STERADIAN. ) SOLID_ANGLE_UNIT ( ) );
#140 = CARTESIAN_POINT ( 'NONE',  ( 24.99999999999998579, 59.00000000000000000, 3.500000000000000000 ) ) ;
#141 = VERTEX_POINT ( 'NONE', #253 ) ;
#142 = CARTESIAN_POINT ( 'NONE',  ( -9.999999999999991118, -20.00000000000000355, 0.000000000000000000 ) ) ;
#143 = DIRECTION ( 'NONE',  ( -0.000000000000000000, -0.000000000000000000, 1.000000000000000000 ) ) ;
#144 = EDGE_CURVE ( 'NONE', #1440, #450, #747, .T. ) ;
#145 = EDGE_CURVE ( 'NONE', #1358, #905, #7, .T. ) ;
#146 = FACE_OUTER_BOUND ( 'NONE', #159, .T. ) ;
#147 = VECTOR ( 'NONE', #121, 1000.000000000000000 ) ;
#148 = PLANE ( 'NONE',  #916 ) ;
#149 = SURFACE_SIDE_STYLE ('',( #1365 ) ) ;
#150 = DIRECTION ( 'NONE',  ( 0.000000000000000000, 0.000000000000000000, 1.000000000000000000 ) ) ;
#151 = VERTEX_POINT ( 'NONE', #1276 ) ;
#152 = CARTESIAN_POINT ( 'NONE',  ( 24.99999999999998579, 59.00000000000000000, 0.000000000000000000 ) ) ;
#153 = VERTEX_POINT ( 'NONE', #539 ) ;
#154 = EDGE_CURVE ( 'NONE', #191, #931, #562, .T. ) ;
#155 = CARTESIAN_POINT ( 'NONE',  ( -97.00000000000001421, 48.99999999999999289, 0.000000000000000000 ) ) ;
#156 = ORIENTED_EDGE ( 'NONE', *, *, #647, .F. ) ;
#157 = CARTESIAN_POINT ( 'NONE',  ( 20.00000000000000000, -48.99999999999998579, -5.000000000000000000 ) ) ;
#158 = CARTESIAN_POINT ( 'NONE',  ( 9.999999999999998224, -48.99999999999998579, -5.000000000000000000 ) ) ;
#159 = EDGE_LOOP ( 'NONE', ( #474, #1238, #1490, #830 ) ) ;
#160 = FACE_BOUND ( 'NONE', #1414, .T. ) ;
#161 = ORIENTED_EDGE ( 'NONE', *, *, #154, .T. ) ;
#162 = CARTESIAN_POINT ( 'NONE',  ( -84.99999999999998579, 59.00000000000000000, 3.499999999999999556 ) ) ;
#163 = ORIENTED_EDGE ( 'NONE', *, *, #625, .F. ) ;
#164 = FACE_OUTER_BOUND ( 'NONE', #1254, .T. ) ;
#165 = VECTOR ( 'NONE', #1519, 1000.000000000000000 ) ;
#166 = DIRECTION ( 'NONE',  ( -0.000000000000000000, -0.000000000000000000, 1.000000000000000000 ) ) ;
#167 = VERTEX_POINT ( 'NONE', #1293 ) ;
#168 = EDGE_LOOP ( 'NONE', ( #469, #543 ) ) ;
#169 = DIRECTION ( 'NONE',  ( 0.000000000000000000, 0.000000000000000000, -1.000000000000000000 ) ) ;
#170 = VECTOR ( 'NONE', #901, 1000.000000000000000 ) ;
#171 = ADVANCED_FACE ( 'NONE', ( #1155 ), #302, .T. ) ;
#172 = EDGE_LOOP ( 'NONE', ( #1060, #212, #664, #1515 ) ) ;
#173 = CIRCLE ( 'NONE', #945, 4.999999999999997335 ) ;
#174 = PLANE ( 'NONE',  #94 ) ;
#175 = ORIENTED_EDGE ( 'NONE', *, *, #511, .T. ) ;
#176 = CARTESIAN_POINT ( 'NONE',  ( 0.000000000000000000, -56.99999999999999289, 23.50000000000000000 ) ) ;
#177 = VECTOR ( 'NONE', #1063, 1000.000000000000000 ) ;
#178 = EDGE_CURVE ( 'NONE', #559, #1447, #59, .T. ) ;
#179 = CARTESIAN_POINT ( 'NONE',  ( 0.000000000000000000, 56.99999999999999289, 23.50000000000000000 ) ) ;
#180 = ORIENTED_EDGE ( 'NONE', *, *, #699, .F. ) ;
#181 = EDGE_CURVE ( 'NONE', #595, #807, #1045, .T. ) ;
#182 = ORIENTED_EDGE ( 'NONE', *, *, #1436, .T. ) ;
#183 = DIRECTION ( 'NONE',  ( -0.000000000000000000, 0.000000000000000000, 1.000000000000000000 ) ) ;
#184 = ORIENTED_EDGE ( 'NONE', *, *, #1592, .T. ) ;
#185 = VERTEX_POINT ( 'NONE', #195 ) ;
#186 = CARTESIAN_POINT ( 'NONE',  ( -29.00000000000000355, -56.99999999999999289, 23.50000000000000000 ) ) ;
#187 = DIRECTION ( 'NONE',  ( -0.000000000000000000, 0.000000000000000000, 1.000000000000000000 ) ) ;
#188 = EDGE_LOOP ( 'NONE', ( #770, #1165, #314, #1401 ) ) ;
#189 = ORIENTED_EDGE ( 'NONE', *, *, #560, .F. ) ;
#190 = DIRECTION ( 'NONE',  ( 0.000000000000000000, 0.000000000000000000, -1.000000000000000000 ) ) ;
#191 = VERTEX_POINT ( 'NONE', #530 ) ;
#192 = VERTEX_POINT ( 'NONE', #546 ) ;
#193 = DIRECTION ( 'NONE',  ( 1.000000000000000000, 0.000000000000000000, 0.000000000000000000 ) ) ;
#194 = AXIS2_PLACEMENT_3D ( 'NONE', #983, #366, #234 ) ;
#195 = CARTESIAN_POINT ( 'NONE',  ( -97.00000000000002842, 59.00000000000000000, 3.500000000000000000 ) ) ;
#196 = CARTESIAN_POINT ( 'NONE',  ( 0.000000000000000000, -59.00000000000000000, 23.50000000000000000 ) ) ;
#197 = ORIENTED_EDGE ( 'NONE', *, *, #1233, .T. ) ;
#198 = AXIS2_PLACEMENT_3D ( 'NONE', #1007, #1132, #1508 ) ;
#199 = CARTESIAN_POINT ( 'NONE',  ( -25.00000000000000711, -2.940209281316623284E-15, 23.50000000000000000 ) ) ;
#200 = AXIS2_PLACEMENT_3D ( 'NONE', #257, #1385, #883 ) ;
#201 = CARTESIAN_POINT ( 'NONE',  ( 8.499999999999989342, 20.00000000000000355, 0.000000000000000000 ) ) ;
#202 = CARTESIAN_POINT ( 'NONE',  ( 24.99999999999998579, 48.99999999999999289, 0.000000000000000000 ) ) ;
#203 = AXIS2_PLACEMENT_3D ( 'NONE', #262, #1356, #20 ) ;
#204 = CARTESIAN_POINT ( 'NONE',  ( -9.999999999999991118, -20.00000000000000355, 0.000000000000000000 ) ) ;
#205 = DIRECTION ( 'NONE',  ( -1.000000000000000000, -0.000000000000000000, -0.000000000000000000 ) ) ;
#206 = ORIENTED_EDGE ( 'NONE', *, *, #811, .T. ) ;
#207 = ORIENTED_EDGE ( 'NONE', *, *, #1424, .T. ) ;
#208 = DIRECTION ( 'NONE',  ( -1.000000000000000000, 0.000000000000000000, 0.000000000000000000 ) ) ;
#209 = CARTESIAN_POINT ( 'NONE',  ( -87.00000000000000000, 59.00000000000000000, 3.500000000000000000 ) ) ;
#210 = CARTESIAN_POINT ( 'NONE',  ( 0.000000000000000000, -56.99999999999999289, 23.50000000000000000 ) ) ;
#211 = ORIENTED_EDGE ( 'NONE', *, *, #1549, .F. ) ;
#212 = ORIENTED_EDGE ( 'NONE', *, *, #1335, .T. ) ;
#213 = CARTESIAN_POINT ( 'NONE',  ( -105.0000000000000142, -56.99999999999999289, 0.000000000000000000 ) ) ;
#214 = AXIS2_PLACEMENT_3D ( 'NONE', #730, #379, #1369 ) ;
#215 = CARTESIAN_POINT ( 'NONE',  ( -41.00000000000001421, 48.99999999999999289, -5.000000000000000000 ) ) ;
#216 = CYLINDRICAL_SURFACE ( 'NONE', #605, 5.000000000000004441 ) ;
#217 = CIRCLE ( 'NONE', #351, 9.999999999999994671 ) ;
#218 = VERTEX_POINT ( 'NONE', #1032 ) ;
#219 = EDGE_CURVE ( 'NONE', #617, #642, #964, .T. ) ;
#220 = ORIENTED_EDGE ( 'NONE', *, *, #1460, .T. ) ;
#221 = CIRCLE ( 'NONE', #1118, 2.000000000000001776 ) ;
#222 = CARTESIAN_POINT ( 'NONE',  ( -27.00000000000001776, 54.99999999999999289, 3.500000000000000000 ) ) ;
#223 = ADVANCED_FACE ( 'NONE', ( #929 ), #1543, .F. ) ;
#224 = CARTESIAN_POINT ( 'NONE',  ( -97.00000000000001421, 48.99999999999999289, 0.000000000000000000 ) ) ;
#225 = DIRECTION ( 'NONE',  ( -1.000000000000000000, 0.000000000000000000, -0.000000000000000000 ) ) ;
#226 = ORIENTED_EDGE ( 'NONE', *, *, #824, .T. ) ;
#227 = EDGE_CURVE ( 'NONE', #444, #191, #1512, .T. ) ;
#228 = CIRCLE ( 'NONE', #254, 5.000000000000004441 ) ;
#229 = DIRECTION ( 'NONE',  ( 0.000000000000000000, 0.000000000000000000, -1.000000000000000000 ) ) ;
#230 = LINE ( 'NONE', #942, #1112 ) ;
#231 = PLANE ( 'NONE',  #1583 ) ;
#232 = CARTESIAN_POINT ( 'NONE',  ( -25.00000000000001421, 56.99999999999999289, 23.50000000000000000 ) ) ;
#233 = VERTEX_POINT ( 'NONE', #67 ) ;
#234 = DIRECTION ( 'NONE',  ( 1.000000000000000000, 0.000000000000000000, 0.000000000000000000 ) ) ;
#235 = EDGE_CURVE ( 'NONE', #52, #167, #1088, .T. ) ;
#236 = DIRECTION ( 'NONE',  ( -1.000000000000000000, 0.000000000000000000, 0.000000000000000000 ) ) ;
#237 = CARTESIAN_POINT ( 'NONE',  ( 8.499999999999989342, 20.00000000000000355, 0.000000000000000000 ) ) ;
#238 = CARTESIAN_POINT ( 'NONE',  ( -25.00000000000000000, -56.99999999999999289, 3.499999999999999556 ) ) ;
#239 = ORIENTED_EDGE ( 'NONE', *, *, #748, .F. ) ;
#240 = DIRECTION ( 'NONE',  ( 0.000000000000000000, 0.000000000000000000, -1.000000000000000000 ) ) ;
#241 = VECTOR ( 'NONE', #1232, 1000.000000000000000 ) ;
#242 = CARTESIAN_POINT ( 'NONE',  ( -25.00000000000000000, -59.00000000000000000, 3.500000000000000000 ) ) ;
#243 = AXIS2_PLACEMENT_3D ( 'NONE', #827, #470, #1176 ) ;
#244 = EDGE_CURVE ( 'NONE', #1229, #915, #921, .T. ) ;
#245 = ADVANCED_FACE ( 'NONE', ( #417 ), #556, .F. ) ;
#246 = VECTOR ( 'NONE', #225, 1000.000000000000000 ) ;
#247 = CARTESIAN_POINT ( 'NONE',  ( -84.99999999999998579, 56.99999999999999289, 3.500000000000000000 ) ) ;
#248 = AXIS2_PLACEMENT_3D ( 'NONE', #2, #1121, #860 ) ;
#249 = FACE_OUTER_BOUND ( 'NONE', #1434, .T. ) ;
#250 = DIRECTION ( 'NONE',  ( 1.000000000000000000, 1.176083712526648949E-16, -0.000000000000000000 ) ) ;
#251 = ORIENTED_EDGE ( 'NONE', *, *, #801, .T. ) ;
#252 = DIRECTION ( 'NONE',  ( 0.000000000000000000, -0.000000000000000000, -1.000000000000000000 ) ) ;
#253 = CARTESIAN_POINT ( 'NONE',  ( 11.49999999999999289, 20.00000000000000355, 3.500000000000000000 ) ) ;
#254 = AXIS2_PLACEMENT_3D ( 'NONE', #15, #508, #1251 ) ;
#255 = DIRECTION ( 'NONE',  ( 0.000000000000000000, -0.000000000000000000, -1.000000000000000000 ) ) ;
#256 = DIRECTION ( 'NONE',  ( 0.000000000000000000, 0.000000000000000000, 1.000000000000000000 ) ) ;
#257 = CARTESIAN_POINT ( 'NONE',  ( 9.999999999999991118, 20.00000000000000355, 3.500000000000000000 ) ) ;
#258 = ORIENTED_EDGE ( 'NONE', *, *, #1364, .F. ) ;
#259 = DIRECTION ( 'NONE',  ( 0.000000000000000000, 0.000000000000000000, -1.000000000000000000 ) ) ;
#260 = CARTESIAN_POINT ( 'NONE',  ( -36.00000000000001421, -48.99999999999998579, -5.000000000000000000 ) ) ;
#261 = DIRECTION ( 'NONE',  ( 1.000000000000000000, 0.000000000000000000, 0.000000000000000000 ) ) ;
#262 = CARTESIAN_POINT ( 'NONE',  ( -97.00000000000001421, -48.99999999999998579, 0.000000000000000000 ) ) ;
#263 = DIRECTION ( 'NONE',  ( 0.000000000000000000, -0.000000000000000000, -1.000000000000000000 ) ) ;
#264 = ORIENTED_EDGE ( 'NONE', *, *, #452, .F. ) ;
#265 = EDGE_CURVE ( 'NONE', #24, #352, #861, .T. ) ;
#266 = CYLINDRICAL_SURFACE ( 'NONE', #1097, 5.000000000000004441 ) ;
#267 = CARTESIAN_POINT ( 'NONE',  ( -8.499999999999989342, 20.00000000000000355, 0.000000000000000000 ) ) ;
#268 = CARTESIAN_POINT ( 'NONE',  ( 15.00000000000000000, -48.99999999999998579, 0.000000000000000000 ) ) ;
#269 = AXIS2_PLACEMENT_3D ( 'NONE', #902, #1527, #1056 ) ;
#270 = DIRECTION ( 'NONE',  ( 0.000000000000000000, -0.000000000000000000, -1.000000000000000000 ) ) ;
#271 = FILL_AREA_STYLE_COLOUR ( '', #76 ) ;
#272 = CARTESIAN_POINT ( 'NONE',  ( 9.999999999999991118, -20.00000000000000355, 3.500000000000000000 ) ) ;
#273 = ORIENTED_EDGE ( 'NONE', *, *, #346, .F. ) ;
#274 = CIRCLE ( 'NONE', #1214, 2.000000000000001776 ) ;
#275 = EDGE_CURVE ( 'NONE', #153, #218, #1455, .T. ) ;
#276 = CARTESIAN_POINT ( 'NONE',  ( -87.00000000000000000, 59.00000000000000000, 3.500000000000000000 ) ) ;
#277 = EDGE_LOOP ( 'NONE', ( #962, #86 ) ) ;
#278 = DIRECTION ( 'NONE',  ( 1.000000000000000000, 0.000000000000000000, 0.000000000000000000 ) ) ;
#279 = ORIENTED_EDGE ( 'NONE', *, *, #1362, .F. ) ;
#280 = VECTOR ( 'NONE', #626, 1000.000000000000000 ) ;
#281 = AXIS2_PLACEMENT_3D ( 'NONE', #118, #256, #1488 ) ;
#282 = LINE ( 'NONE', #186, #1409 ) ;
#283 = CARTESIAN_POINT ( 'NONE',  ( 25.00000000000000000, -48.99999999999998579, 3.500000000000000000 ) ) ;
#284 = ORIENTED_EDGE ( 'NONE', *, *, #389, .T. ) ;
#285 = PLANE ( 'NONE',  #536 ) ;
#286 = VERTEX_POINT ( 'NONE', #1162 ) ;
#287 = CARTESIAN_POINT ( 'NONE',  ( -107.0000000000000284, 34.99999999999999289, 3.500000000000000000 ) ) ;
#288 = EDGE_LOOP ( 'NONE', ( #496, #1257, #652, #418 ) ) ;
#289 = DIRECTION ( 'NONE',  ( -0.000000000000000000, 0.000000000000000000, 1.000000000000000000 ) ) ;
#290 = DIRECTION ( 'NONE',  ( -0.000000000000000000, -0.000000000000000000, 1.000000000000000000 ) ) ;
#291 = ORIENTED_EDGE ( 'NONE', *, *, #275, .F. ) ;
#292 = ORIENTED_EDGE ( 'NONE', *, *, #710, .F. ) ;
#293 = CARTESIAN_POINT ( 'NONE',  ( -25.00000000000000711, -2.940209281316623284E-15, 3.500000000000000000 ) ) ;
#294 = ORIENTED_EDGE ( 'NONE', *, *, #917, .F. ) ;
#295 = DIRECTION ( 'NONE',  ( 1.000000000000000000, 0.000000000000000000, 0.000000000000000000 ) ) ;
#296 = VERTEX_POINT ( 'NONE', #818 ) ;
#297 = EDGE_CURVE ( 'NONE', #1408, #617, #793, .T. ) ;
#298 = ADVANCED_FACE ( 'NONE', ( #50 ), #934, .F. ) ;
#299 = CARTESIAN_POINT ( 'NONE',  ( -46.00000000000001421, 48.99999999999999289, 0.000000000000000000 ) ) ;
#300 = PRODUCT_DEFINITION_CONTEXT ( 'detailed design', #49, 'design' ) ;
#301 = CIRCLE ( 'NONE', #92, 5.000000000000004441 ) ;
#302 = CYLINDRICAL_SURFACE ( 'NONE', #371, 5.000000000000000888 ) ;
#303 = VERTEX_POINT ( 'NONE', #73 ) ;
#304 = ORIENTED_EDGE ( 'NONE', *, *, #1389, .F. ) ;
#305 = CARTESIAN_POINT ( 'NONE',  ( -97.00000000000002842, 59.00000000000000000, 0.000000000000000000 ) ) ;
#306 = VECTOR ( 'NONE', #205, 1000.000000000000000 ) ;
#307 = VERTEX_POINT ( 'NONE', #1428 ) ;
#308 = VERTEX_POINT ( 'NONE', #202 ) ;
#309 = CARTESIAN_POINT ( 'NONE',  ( 15.00000000000000000, -59.00000000000000000, 3.500000000000000000 ) ) ;
#310 = VECTOR ( 'NONE', #930, 1000.000000000000000 ) ;
#311 = DIRECTION ( 'NONE',  ( -1.000000000000000000, 0.000000000000000000, 0.000000000000000000 ) ) ;
#312 = ORIENTED_EDGE ( 'NONE', *, *, #840, .T. ) ;
#313 = ORIENTED_EDGE ( 'NONE', *, *, #1037, .T. ) ;
#314 = ORIENTED_EDGE ( 'NONE', *, *, #432, .T. ) ;
#315 = EDGE_LOOP ( 'NONE', ( #292, #1277, #180, #1051 ) ) ;
#316 = CARTESIAN_POINT ( 'NONE',  ( -11.49999999999999289, 20.00000000000000355, 0.000000000000000000 ) ) ;
#317 = DIRECTION ( 'NONE',  ( 1.000000000000000000, 0.000000000000000000, 0.000000000000000000 ) ) ;
#318 = ORIENTED_EDGE ( 'NONE', *, *, #1094, .F. ) ;
#319 = EDGE_CURVE ( 'NONE', #1184, #141, #780, .T. ) ;
#320 = VERTEX_POINT ( 'NONE', #1465 ) ;
#321 = ADVANCED_FACE ( 'NONE', ( #1564 ), #847, .T. ) ;
#322 = VERTEX_POINT ( 'NONE', #1437 ) ;
#323 = CARTESIAN_POINT ( 'NONE',  ( -36.00000000000001421, -48.99999999999998579, -5.000000000000000000 ) ) ;
#324 = CIRCLE ( 'NONE', #214, 1.500000000000001332 ) ;
#325 = CARTESIAN_POINT ( 'NONE',  ( 15.00000000000000000, -48.99999999999998579, -5.000000000000000000 ) ) ;
#326 = AXIS2_PLACEMENT_3D ( 'NONE', #1487, #504, #631 ) ;
#327 = DIRECTION ( 'NONE',  ( -1.000000000000000000, 0.000000000000000000, 0.000000000000000000 ) ) ;
#328 = DIRECTION ( 'NONE',  ( -0.000000000000000000, -0.000000000000000000, 1.000000000000000000 ) ) ;
#329 = EDGE_LOOP ( 'NONE', ( #220, #33 ) ) ;
#330 = ADVANCED_FACE ( 'NONE', ( #480 ), #718, .T. ) ;
#331 = AXIS2_PLACEMENT_3D ( 'NONE', #919, #1382, #1399 ) ;
#332 = EDGE_LOOP ( 'NONE', ( #1341, #898, #1006, #70 ) ) ;
#333 = VECTOR ( 'NONE', #1360, 1000.000000000000000 ) ;
#334 = DIRECTION ( 'NONE',  ( -0.000000000000000000, -0.000000000000000000, -1.000000000000000000 ) ) ;
#335 = PLANE ( 'NONE',  #1330 ) ;
#336 = CARTESIAN_POINT ( 'NONE',  ( 25.00000000000000000, -48.99999999999998579, 3.500000000000000000 ) ) ;
#337 = ORIENTED_EDGE ( 'NONE', *, *, #387, .T. ) ;
#338 = ORIENTED_EDGE ( 'NONE', *, *, #895, .F. ) ;
#339 = PRODUCT_DEFINITION ( '未知', '', #1384, #300 ) ;
#340 = FACE_OUTER_BOUND ( 'NONE', #571, .T. ) ;
#341 = EDGE_CURVE ( 'NONE', #988, #3, #704, .T. ) ;
#342 = FACE_OUTER_BOUND ( 'NONE', #1503, .T. ) ;
#343 = CARTESIAN_POINT ( 'NONE',  ( -97.00000000000001421, -48.99999999999998579, -5.000000000000000000 ) ) ;
#344 = VERTEX_POINT ( 'NONE', #362 ) ;
#345 = CARTESIAN_POINT ( 'NONE',  ( -41.00000000000001421, 48.99999999999999289, -5.000000000000000000 ) ) ;
#346 = EDGE_CURVE ( 'NONE', #344, #1440, #1575, .T. ) ;
#347 = EDGE_CURVE ( 'NONE', #127, #490, #574, .T. ) ;
#348 = CARTESIAN_POINT ( 'NONE',  ( -105.0000000000000142, -59.00000000000000000, 23.50000000000000000 ) ) ;
#349 = DIRECTION ( 'NONE',  ( -1.000000000000000000, 0.000000000000000000, 0.000000000000000000 ) ) ;
#350 = LINE ( 'NONE', #336, #1048 ) ;
#351 = AXIS2_PLACEMENT_3D ( 'NONE', #1548, #1322, #1457 ) ;
#352 = VERTEX_POINT ( 'NONE', #348 ) ;
#353 = DIRECTION ( 'NONE',  ( 1.000000000000000000, 0.000000000000000000, 0.000000000000000000 ) ) ;
#354 = VECTOR ( 'NONE', #829, 1000.000000000000000 ) ;
#355 = CARTESIAN_POINT ( 'NONE',  ( 24.99999999999998579, 48.99999999999999289, 3.500000000000000000 ) ) ;
#356 = CARTESIAN_POINT ( 'NONE',  ( -27.00000000000000355, -59.00000000000000000, 23.50000000000000000 ) ) ;
#357 = VECTOR ( 'NONE', #497, 1000.000000000000000 ) ;
#358 = LINE ( 'NONE', #238, #658 ) ;
#359 = VERTEX_POINT ( 'NONE', #973 ) ;
#360 = DIRECTION ( 'NONE',  ( -0.000000000000000000, -0.000000000000000000, 1.000000000000000000 ) ) ;
#361 = EDGE_CURVE ( 'NONE', #484, #689, #1075, .T. ) ;
#362 = CARTESIAN_POINT ( 'NONE',  ( 8.499999999999989342, -20.00000000000000355, 0.000000000000000000 ) ) ;
#363 = CYLINDRICAL_SURFACE ( 'NONE', #478, 2.000000000000001776 ) ;
#364 = EDGE_LOOP ( 'NONE', ( #1305, #843, #1282, #1320 ) ) ;
#365 = ADVANCED_FACE ( 'NONE', ( #1062 ), #1181, .T. ) ;
#366 = DIRECTION ( 'NONE',  ( -0.000000000000000000, -0.000000000000000000, 1.000000000000000000 ) ) ;
#367 = CARTESIAN_POINT ( 'NONE',  ( 14.99999999999998579, 48.99999999999999289, 0.000000000000000000 ) ) ;
#368 = DIRECTION ( 'NONE',  ( -1.000000000000000000, 0.000000000000000000, -0.000000000000000000 ) ) ;
#369 = ORIENTED_EDGE ( 'NONE', *, *, #1081, .T. ) ;
#370 = FACE_OUTER_BOUND ( 'NONE', #1291, .T. ) ;
#371 = AXIS2_PLACEMENT_3D ( 'NONE', #325, #423, #668 ) ;
#372 = CARTESIAN_POINT ( 'NONE',  ( 9.999999999999984013, 48.99999999999999289, -5.000000000000000000 ) ) ;
#373 = AXIS2_PLACEMENT_3D ( 'NONE', #1265, #166, #317 ) ;
#374 = CIRCLE ( 'NONE', #1481, 4.999999999999997335 ) ;
#375 = CARTESIAN_POINT ( 'NONE',  ( -11.49999999999999289, 20.00000000000000355, 0.000000000000000000 ) ) ;
#376 = DIRECTION ( 'NONE',  ( 1.000000000000000000, 0.000000000000000000, 0.000000000000000000 ) ) ;
#377 = ORIENTED_EDGE ( 'NONE', *, *, #137, .T. ) ;
#378 = DIRECTION ( 'NONE',  ( -0.000000000000000000, -0.000000000000000000, 1.000000000000000000 ) ) ;
#379 = DIRECTION ( 'NONE',  ( 0.000000000000000000, 0.000000000000000000, 1.000000000000000000 ) ) ;
#380 = EDGE_CURVE ( 'NONE', #185, #905, #217, .T. ) ;
#381 = EDGE_CURVE ( 'NONE', #308, #426, #698, .T. ) ;
#382 = CARTESIAN_POINT ( 'NONE',  ( 11.49999999999999289, -20.00000000000000355, 3.500000000000000000 ) ) ;
#383 = DIRECTION ( 'NONE',  ( 1.000000000000000000, 0.000000000000000000, 0.000000000000000000 ) ) ;
#384 = ORIENTED_EDGE ( 'NONE', *, *, #647, .T. ) ;
#385 = CYLINDRICAL_SURFACE ( 'NONE', #1173, 1.500000000000001332 ) ;
#386 = CARTESIAN_POINT ( 'NONE',  ( -105.0000000000000142, -56.99999999999999289, 0.000000000000000000 ) ) ;
#387 = EDGE_CURVE ( 'NONE', #1184, #716, #1500, .T. ) ;
#388 = DIRECTION ( 'NONE',  ( 1.000000000000000000, 0.000000000000000000, 0.000000000000000000 ) ) ;
#389 = EDGE_CURVE ( 'NONE', #218, #1358, #839, .T. ) ;
#390 = PRESENTATION_STYLE_ASSIGNMENT (( #1 ) ) ;
#391 = CARTESIAN_POINT ( 'NONE',  ( -41.00000000000001421, 48.99999999999999289, 0.000000000000000000 ) ) ;
#392 = ORIENTED_EDGE ( 'NONE', *, *, #1335, .F. ) ;
#393 = CARTESIAN_POINT ( 'NONE',  ( -27.00000000000000355, -54.99999999999999289, 3.500000000000000000 ) ) ;
#394 = EDGE_LOOP ( 'NONE', ( #954, #825 ) ) ;
#395 = LINE ( 'NONE', #1370, #1323 ) ;
#396 = AXIS2_PLACEMENT_3D ( 'NONE', #1413, #810, #311 ) ;
#397 = DIRECTION ( 'NONE',  ( 0.000000000000000000, 0.000000000000000000, 1.000000000000000000 ) ) ;
#398 = CIRCLE ( 'NONE', #427, 2.000000000000001776 ) ;
#399 = PLANE ( 'NONE',  #117 ) ;
#400 = VERTEX_POINT ( 'NONE', #1578 ) ;
#401 = CIRCLE ( 'NONE', #1301, 1.500000000000001332 ) ;
#402 = FACE_BOUND ( 'NONE', #1136, .T. ) ;
#403 = EDGE_LOOP ( 'NONE', ( #1313, #911 ) ) ;
#404 = DIRECTION ( 'NONE',  ( 0.000000000000000000, -0.000000000000000000, -1.000000000000000000 ) ) ;
#405 = VERTEX_POINT ( 'NONE', #1069 ) ;
#406 = AXIS2_PLACEMENT_3D ( 'NONE', #1137, #190, #549 ) ;
#407 = EDGE_CURVE ( 'NONE', #233, #1547, #230, .T. ) ;
#408 = DIRECTION ( 'NONE',  ( 1.000000000000000000, 0.000000000000000000, 0.000000000000000000 ) ) ;
#409 = DIRECTION ( 'NONE',  ( 0.000000000000000000, -0.000000000000000000, -1.000000000000000000 ) ) ;
#410 = ORIENTED_EDGE ( 'NONE', *, *, #1526, .T. ) ;
#411 = DIRECTION ( 'NONE',  ( -1.000000000000000000, 0.000000000000000000, 0.000000000000000000 ) ) ;
#412 = ORIENTED_EDGE ( 'NONE', *, *, #1263, .F. ) ;
#413 = EDGE_CURVE ( 'NONE', #151, #515, #985, .T. ) ;
#414 = CARTESIAN_POINT ( 'NONE',  ( 20.00000000000000000, -48.99999999999998579, 0.000000000000000000 ) ) ;
#415 = VERTEX_POINT ( 'NONE', #853 ) ;
#416 = PLANE ( 'NONE',  #1556 ) ;
#417 = FACE_OUTER_BOUND ( 'NONE', #315, .T. ) ;
#418 = ORIENTED_EDGE ( 'NONE', *, *, #381, .T. ) ;
#419 = ORIENTED_EDGE ( 'NONE', *, *, #488, .F. ) ;
#420 = ORIENTED_EDGE ( 'NONE', *, *, #244, .F. ) ;
#421 = VERTEX_POINT ( 'NONE', #1444 ) ;
#422 = DIRECTION ( 'NONE',  ( -0.000000000000000000, -0.000000000000000000, 1.000000000000000000 ) ) ;
#423 = DIRECTION ( 'NONE',  ( -0.000000000000000000, -0.000000000000000000, 1.000000000000000000 ) ) ;
#424 = VERTEX_POINT ( 'NONE', #222 ) ;
#425 = ADVANCED_FACE ( 'NONE', ( #340 ), #103, .F. ) ;
#426 = VERTEX_POINT ( 'NONE', #355 ) ;
#427 = AXIS2_PLACEMENT_3D ( 'NONE', #1134, #38, #408 ) ;
#428 = ADVANCED_FACE ( 'NONE', ( #464 ), #487, .T. ) ;
#429 = EDGE_LOOP ( 'NONE', ( #337, #884, #419, #939 ) ) ;
#430 = EDGE_LOOP ( 'NONE', ( #91, #189 ) ) ;
#431 = DIRECTION ( 'NONE',  ( -0.000000000000000000, 0.000000000000000000, 1.000000000000000000 ) ) ;
#432 = EDGE_CURVE ( 'NONE', #400, #694, #1068, .T. ) ;
#433 = AXIS2_PLACEMENT_3D ( 'NONE', #1438, #700, #111 ) ;
#434 = CARTESIAN_POINT ( 'NONE',  ( -36.00000000000002132, 48.99999999999999289, -5.000000000000000000 ) ) ;
#435 = FILL_AREA_STYLE_COLOUR ( '', #1218 ) ;
#436 = EDGE_LOOP ( 'NONE', ( #163, #678, #655, #184 ) ) ;
#437 = EDGE_LOOP ( 'NONE', ( #1250, #207 ) ) ;
#438 = CARTESIAN_POINT ( 'NONE',  ( -9.999999999999991118, -20.00000000000000355, 0.000000000000000000 ) ) ;
#439 = EDGE_CURVE ( 'NONE', #1555, #1386, #627, .T. ) ;
#440 = DIRECTION ( 'NONE',  ( 1.000000000000000000, 0.000000000000000000, 0.000000000000000000 ) ) ;
#441 = DIRECTION ( 'NONE',  ( 0.000000000000000000, 0.000000000000000000, -1.000000000000000000 ) ) ;
#442 = CARTESIAN_POINT ( 'NONE',  ( -46.00000000000000711, -48.99999999999998579, -5.000000000000000000 ) ) ;
#443 = EDGE_LOOP ( 'NONE', ( #764, #938 ) ) ;
#444 = VERTEX_POINT ( 'NONE', #513 ) ;
#445 = AXIS2_PLACEMENT_3D ( 'NONE', #1492, #1104, #620 ) ;
#446 = DIRECTION ( 'NONE',  ( 0.000000000000000000, 0.000000000000000000, 1.000000000000000000 ) ) ;
#447 = CIRCLE ( 'NONE', #734, 5.000000000000000888 ) ;
#448 = LINE ( 'NONE', #458, #719 ) ;
#449 = CARTESIAN_POINT ( 'NONE',  ( -25.00000000000000000, -56.99999999999999289, 23.50000000000000000 ) ) ;
#450 = VERTEX_POINT ( 'NONE', #382 ) ;
#451 = CIRCLE ( 'NONE', #688, 9.999999999999994671 ) ;
#452 = EDGE_CURVE ( 'NONE', #547, #286, #447, .T. ) ;
#453 = ORIENTED_EDGE ( 'NONE', *, *, #801, .F. ) ;
#454 = AXIS2_PLACEMENT_3D ( 'NONE', #391, #1479, #383 ) ;
#455 = DIRECTION ( 'NONE',  ( 0.000000000000000000, 0.000000000000000000, -1.000000000000000000 ) ) ;
#456 = VECTOR ( 'NONE', #863, 1000.000000000000000 ) ;
#457 = AXIS2_PLACEMENT_3D ( 'NONE', #740, #1236, #1211 ) ;
#458 = CARTESIAN_POINT ( 'NONE',  ( 19.99999999999998579, 48.99999999999999289, -5.000000000000000000 ) ) ;
#459 = CARTESIAN_POINT ( 'NONE',  ( 9.999999999999991118, 20.00000000000000355, 0.000000000000000000 ) ) ;
#460 = ORIENTED_EDGE ( 'NONE', *, *, #511, .F. ) ;
#461 = EDGE_CURVE ( 'NONE', #1378, #185, #1226, .T. ) ;
#462 = ORIENTED_EDGE ( 'NONE', *, *, #1296, .T. ) ;
#463 = EDGE_CURVE ( 'NONE', #192, #308, #1554, .T. ) ;
#464 = FACE_OUTER_BOUND ( 'NONE', #563, .T. ) ;
#465 = AXIS2_PLACEMENT_3D ( 'NONE', #982, #240, #753 ) ;
#466 = FACE_OUTER_BOUND ( 'NONE', #332, .T. ) ;
#467 = CARTESIAN_POINT ( 'NONE',  ( 0.000000000000000000, 56.99999999999999289, 3.500000000000000000 ) ) ;
#468 = VERTEX_POINT ( 'NONE', #247 ) ;
#469 = ORIENTED_EDGE ( 'NONE', *, *, #1329, .F. ) ;
#470 = DIRECTION ( 'NONE',  ( 0.000000000000000000, 0.000000000000000000, -1.000000000000000000 ) ) ;
#471 = CIRCLE ( 'NONE', #1371, 2.000000000000001776 ) ;
#472 = DIRECTION ( 'NONE',  ( 0.000000000000000000, 0.000000000000000000, -1.000000000000000000 ) ) ;
#473 = DIRECTION ( 'NONE',  ( 1.000000000000000000, 0.000000000000000000, 0.000000000000000000 ) ) ;
#474 = ORIENTED_EDGE ( 'NONE', *, *, #597, .F. ) ;
#475 = ADVANCED_FACE ( 'NONE', ( #873 ), #148, .T. ) ;
#476 = FACE_OUTER_BOUND ( 'NONE', #1141, .T. ) ;
#477 = AXIS2_PLACEMENT_3D ( 'NONE', #1091, #594, #1580 ) ;
#478 = AXIS2_PLACEMENT_3D ( 'NONE', #579, #1072, #842 ) ;
#479 = ADVANCED_FACE ( 'NONE', ( #1210 ), #607, .T. ) ;
#480 = FACE_OUTER_BOUND ( 'NONE', #1521, .T. ) ;
#481 = DIRECTION ( 'NONE',  ( 1.000000000000000000, 0.000000000000000000, 0.000000000000000000 ) ) ;
#482 = AXIS2_PLACEMENT_3D ( 'NONE', #912, #812, #411 ) ;
#483 = FACE_OUTER_BOUND ( 'NONE', #429, .T. ) ;
#484 = VERTEX_POINT ( 'NONE', #1219 ) ;
#485 = AXIS2_PLACEMENT_3D ( 'NONE', #1247, #1120, #481 ) ;
#486 = PLANE ( 'NONE',  #1087 ) ;
#487 = CYLINDRICAL_SURFACE ( 'NONE', #1321, 5.000000000000000888 ) ;
#488 = EDGE_CURVE ( 'NONE', #141, #913, #1406, .T. ) ;
#489 = LINE ( 'NONE', #140, #1191 ) ;
#490 = VERTEX_POINT ( 'NONE', #375 ) ;
#491 = CARTESIAN_POINT ( 'NONE',  ( -97.00000000000001421, 48.99999999999999289, -5.000000000000000000 ) ) ;
#492 = CARTESIAN_POINT ( 'NONE',  ( -102.0000000000000142, -48.99999999999998579, -5.000000000000000000 ) ) ;
#493 = DIRECTION ( 'NONE',  ( 0.000000000000000000, -0.000000000000000000, -1.000000000000000000 ) ) ;
#494 = LINE ( 'NONE', #237, #1279 ) ;
#495 = CARTESIAN_POINT ( 'NONE',  ( -11.49999999999999289, -20.00000000000000355, 0.000000000000000000 ) ) ;
#496 = ORIENTED_EDGE ( 'NONE', *, *, #1038, .F. ) ;
#497 = DIRECTION ( 'NONE',  ( -0.000000000000000000, -0.000000000000000000, 1.000000000000000000 ) ) ;
#498 = AXIS2_PLACEMENT_3D ( 'NONE', #1284, #409, #659 ) ;
#499 = CARTESIAN_POINT ( 'NONE',  ( -107.0000000000000000, 36.99999999999999289, 3.499999999999999556 ) ) ;
#500 = AXIS2_PLACEMENT_3D ( 'NONE', #892, #125, #1245 ) ;
#501 = EDGE_CURVE ( 'NONE', #515, #151, #1186, .T. ) ;
#502 = AXIS2_PLACEMENT_3D ( 'NONE', #1058, #1064, #1551 ) ;
#503 = ADVANCED_FACE ( 'NONE', ( #755 ), #138, .F. ) ;
#504 = DIRECTION ( 'NONE',  ( -0.000000000000000000, -0.000000000000000000, -1.000000000000000000 ) ) ;
#505 = DIRECTION ( 'NONE',  ( -0.000000000000000000, -0.000000000000000000, 1.000000000000000000 ) ) ;
#506 = PLANE ( 'NONE',  #584 ) ;
#507 = EDGE_LOOP ( 'NONE', ( #51, #623, #80, #1506 ) ) ;
#508 = DIRECTION ( 'NONE',  ( 0.000000000000000000, 0.000000000000000000, -1.000000000000000000 ) ) ;
#509 = DIRECTION ( 'NONE',  ( -1.176083712526648949E-16, 1.000000000000000000, 0.000000000000000000 ) ) ;
#510 = VECTOR ( 'NONE', #1204, 1000.000000000000000 ) ;
#511 = EDGE_CURVE ( 'NONE', #1158, #1396, #301, .T. ) ;
#512 = EDGE_CURVE ( 'NONE', #359, #1122, #10, .T. ) ;
#513 = CARTESIAN_POINT ( 'NONE',  ( -29.00000000000001776, 56.99999999999999289, 3.500000000000000000 ) ) ;
#514 = LINE ( 'NONE', #1222, #1215 ) ;
#515 = VERTEX_POINT ( 'NONE', #1127 ) ;
#516 = LINE ( 'NONE', #746, #1020 ) ;
#517 = EDGE_LOOP ( 'NONE', ( #79, #13, #1261, #85 ) ) ;
#518 = CYLINDRICAL_SURFACE ( 'NONE', #502, 1.500000000000001332 ) ;
#519 = DIRECTION ( 'NONE',  ( 1.000000000000000000, 0.000000000000000000, 0.000000000000000000 ) ) ;
#520 = DIRECTION ( 'NONE',  ( 1.000000000000000000, 0.000000000000000000, 0.000000000000000000 ) ) ;
#521 = EDGE_LOOP ( 'NONE', ( #1156, #264 ) ) ;
#522 = DIRECTION ( 'NONE',  ( 1.176083712526648949E-16, -1.000000000000000000, 0.000000000000000000 ) ) ;
#523 = ORIENTED_EDGE ( 'NONE', *, *, #1364, .T. ) ;
#524 = VECTOR ( 'NONE', #143, 1000.000000000000000 ) ;
#525 = DIRECTION ( 'NONE',  ( -0.000000000000000000, -0.000000000000000000, 1.000000000000000000 ) ) ;
#526 = ORIENTED_EDGE ( 'NONE', *, *, #109, .T. ) ;
#527 = DIRECTION ( 'NONE',  ( -1.000000000000000000, 0.000000000000000000, 0.000000000000000000 ) ) ;
#528 = AXIS2_PLACEMENT_3D ( 'NONE', #1380, #1260, #278 ) ;
#529 = EDGE_CURVE ( 'NONE', #1440, #344, #551, .T. ) ;
#530 = CARTESIAN_POINT ( 'NONE',  ( -29.00000000000001776, 56.99999999999999289, 23.50000000000000000 ) ) ;
#531 = ORIENTED_EDGE ( 'NONE', *, *, #297, .T. ) ;
#532 = LINE ( 'NONE', #1026, #1150 ) ;
#533 = ORIENTED_EDGE ( 'NONE', *, *, #1189, .F. ) ;
#534 = DIRECTION ( 'NONE',  ( -0.000000000000000000, 0.000000000000000000, 1.000000000000000000 ) ) ;
#535 = ORIENTED_EDGE ( 'NONE', *, *, #219, .T. ) ;
#536 = AXIS2_PLACEMENT_3D ( 'NONE', #904, #169, #663 ) ;
#537 = MECHANICAL_DESIGN_GEOMETRIC_PRESENTATION_REPRESENTATION (  '', ( #1220 ), #950 ) ;
#538 = FACE_OUTER_BOUND ( 'NONE', #1281, .T. ) ;
#539 = CARTESIAN_POINT ( 'NONE',  ( -105.0000000000000284, 34.99999999999999289, 23.50000000000000000 ) ) ;
#540 = ORIENTED_EDGE ( 'NONE', *, *, #581, .T. ) ;
#541 = FACE_BOUND ( 'NONE', #394, .T. ) ;
#542 = ORIENTED_EDGE ( 'NONE', *, *, #347, .T. ) ;
#543 = ORIENTED_EDGE ( 'NONE', *, *, #848, .F. ) ;
#544 = EDGE_CURVE ( 'NONE', #922, #831, #116, .T. ) ;
#545 = CARTESIAN_POINT ( 'NONE',  ( -36.00000000000002132, 48.99999999999999289, 0.000000000000000000 ) ) ;
#546 = CARTESIAN_POINT ( 'NONE',  ( 14.99999999999998579, 59.00000000000000000, 0.000000000000000000 ) ) ;
#547 = VERTEX_POINT ( 'NONE', #984 ) ;
#548 = ORIENTED_EDGE ( 'NONE', *, *, #512, .F. ) ;
#549 = DIRECTION ( 'NONE',  ( -1.000000000000000000, 0.000000000000000000, 0.000000000000000000 ) ) ;
#550 = VERTEX_POINT ( 'NONE', #1478 ) ;
#551 = CIRCLE ( 'NONE', #683, 1.500000000000001332 ) ;
#552 = EDGE_CURVE ( 'NONE', #1039, #233, #1593, .T. ) ;
#553 = EDGE_LOOP ( 'NONE', ( #925, #182, #1223, #1546, #1080, #900, #1452, #1107, #634, #46, #558, #29 ) ) ;
#554 = AXIS2_PLACEMENT_3D ( 'NONE', #591, #833, #1187 ) ;
#555 = CARTESIAN_POINT ( 'NONE',  ( -84.99999999999998579, 56.99999999999999289, 23.50000000000000000 ) ) ;
#556 = CYLINDRICAL_SURFACE ( 'NONE', #396, 2.000000000000001776 ) ;
#557 = PRESENTATION_STYLE_ASSIGNMENT (( #1034 ) ) ;
#558 = ORIENTED_EDGE ( 'NONE', *, *, #145, .F. ) ;
#559 = VERTEX_POINT ( 'NONE', #130 ) ;
#560 = EDGE_CURVE ( 'NONE', #716, #1184, #1159, .T. ) ;
#561 = DIRECTION ( 'NONE',  ( -0.000000000000000000, -0.000000000000000000, 1.000000000000000000 ) ) ;
#562 = LINE ( 'NONE', #179, #1552 ) ;
#563 = EDGE_LOOP ( 'NONE', ( #1046, #526, #62, #680 ) ) ;
#564 = CARTESIAN_POINT ( 'NONE',  ( -107.0000000000000000, 36.99999999999999289, 3.499999999999999556 ) ) ;
#565 = DIRECTION ( 'NONE',  ( 1.000000000000000000, 0.000000000000000000, 0.000000000000000000 ) ) ;
#566 = ORIENTED_EDGE ( 'NONE', *, *, #265, .T. ) ;
#567 = ORIENTED_EDGE ( 'NONE', *, *, #917, .T. ) ;
#568 = DIRECTION ( 'NONE',  ( -0.000000000000000000, -0.000000000000000000, 1.000000000000000000 ) ) ;
#569 = LINE ( 'NONE', #599, #972 ) ;
#570 = CARTESIAN_POINT ( 'NONE',  ( -92.00000000000001421, -48.99999999999998579, 0.000000000000000000 ) ) ;
#571 = EDGE_LOOP ( 'NONE', ( #108, #1425, #679, #773 ) ) ;
#572 = EDGE_CURVE ( 'NONE', #689, #831, #30, .T. ) ;
#573 = ORIENTED_EDGE ( 'NONE', *, *, #981, .T. ) ;
#574 = CIRCLE ( 'NONE', #1402, 1.500000000000001332 ) ;
#575 = CARTESIAN_POINT ( 'NONE',  ( 9.999999999999991118, 20.00000000000000355, 0.000000000000000000 ) ) ;
#576 = AXIS2_PLACEMENT_3D ( 'NONE', #640, #1584, #1105 ) ;
#577 = ADVANCED_FACE ( 'NONE', ( #908 ), #1421, .T. ) ;
#578 = DIRECTION ( 'NONE',  ( -0.000000000000000000, -0.000000000000000000, 1.000000000000000000 ) ) ;
#579 = CARTESIAN_POINT ( 'NONE',  ( -29.00000000000000355, -54.99999999999999289, 23.50000000000000000 ) ) ;
#580 = EDGE_LOOP ( 'NONE', ( #665, #35, #823, #894 ) ) ;
#581 = EDGE_CURVE ( 'NONE', #1039, #660, #1154, .T. ) ;
#582 = CIRCLE ( 'NONE', #331, 2.000000000000001776 ) ;
#583 = CARTESIAN_POINT ( 'NONE',  ( -27.00000000000000355, -54.99999999999999289, 23.50000000000000000 ) ) ;
#584 = AXIS2_PLACEMENT_3D ( 'NONE', #1113, #250, #12 ) ;
#585 = DIRECTION ( 'NONE',  ( -1.000000000000000000, 0.000000000000000000, 0.000000000000000000 ) ) ;
#586 = CIRCLE ( 'NONE', #666, 4.999999999999997335 ) ;
#587 = CARTESIAN_POINT ( 'NONE',  ( 14.99999999999998579, 59.00000000000000000, 3.500000000000000000 ) ) ;
#588 = LINE ( 'NONE', #467, #246 ) ;
#589 = ORIENTED_EDGE ( 'NONE', *, *, #1585, .F. ) ;
#590 = LINE ( 'NONE', #276, #95 ) ;
#591 = CARTESIAN_POINT ( 'NONE',  ( 9.999999999999991118, -20.00000000000000355, 0.000000000000000000 ) ) ;
#592 = AXIS2_PLACEMENT_3D ( 'NONE', #1411, #1054, #1392 ) ;
#593 = PLANE ( 'NONE',  #696 ) ;
#594 = DIRECTION ( 'NONE',  ( -0.000000000000000000, -0.000000000000000000, -1.000000000000000000 ) ) ;
#595 = VERTEX_POINT ( 'NONE', #1161 ) ;
#596 = CYLINDRICAL_SURFACE ( 'NONE', #815, 4.999999999999997335 ) ;
#597 = EDGE_CURVE ( 'NONE', #1447, #915, #1188, .T. ) ;
#598 = DIRECTION ( 'NONE',  ( -1.000000000000000000, 0.000000000000000000, 0.000000000000000000 ) ) ;
#599 = CARTESIAN_POINT ( 'NONE',  ( 0.000000000000000000, 59.00000000000000000, 23.50000000000000000 ) ) ;
#600 = DIRECTION ( 'NONE',  ( 1.176083712526648949E-16, -1.000000000000000000, 0.000000000000000000 ) ) ;
#601 = AXIS2_PLACEMENT_3D ( 'NONE', #1308, #446, #208 ) ;
#602 = ORIENTED_EDGE ( 'NONE', *, *, #407, .F. ) ;
#603 = CYLINDRICAL_SURFACE ( 'NONE', #624, 2.000000000000001776 ) ;
#604 = AXIS2_PLACEMENT_3D ( 'NONE', #287, #777, #1397 ) ;
#605 = AXIS2_PLACEMENT_3D ( 'NONE', #713, #1192, #1587 ) ;
#606 = EDGE_CURVE ( 'NONE', #426, #1563, #844, .T. ) ;
#607 = CYLINDRICAL_SURFACE ( 'NONE', #987, 2.000000000000001776 ) ;
#608 = APPLICATION_PROTOCOL_DEFINITION ( 'draft international standard', 'automotive_design', 1998, #49 ) ;
#609 = AXIS2_PLACEMENT_3D ( 'NONE', #224, #104, #705 ) ;
#610 = LINE ( 'NONE', #946, #819 ) ;
#611 = ORIENTED_EDGE ( 'NONE', *, *, #618, .T. ) ;
#612 = CYLINDRICAL_SURFACE ( 'NONE', #465, 2.000000000000001776 ) ;
#613 = DIRECTION ( 'NONE',  ( 1.000000000000000000, 1.176083712526648949E-16, -0.000000000000000000 ) ) ;
#614 = DIRECTION ( 'NONE',  ( 0.000000000000000000, 0.000000000000000000, -1.000000000000000000 ) ) ;
#615 =( NAMED_UNIT ( * ) PLANE_ANGLE_UNIT ( ) SI_UNIT ( $, .RADIAN. ) );
#616 = DIRECTION ( 'NONE',  ( -0.000000000000000000, -0.000000000000000000, 1.000000000000000000 ) ) ;
#617 = VERTEX_POINT ( 'NONE', #545 ) ;
#618 = EDGE_CURVE ( 'NONE', #320, #782, #1525, .T. ) ;
#619 = LINE ( 'NONE', #877, #1511 ) ;
#620 = DIRECTION ( 'NONE',  ( 0.000000000000000000, -0.000000000000000000, -1.000000000000000000 ) ) ;
#621 = DIRECTION ( 'NONE',  ( -1.000000000000000000, 0.000000000000000000, -0.000000000000000000 ) ) ;
#622 = CARTESIAN_POINT ( 'NONE',  ( 14.99999999999998579, 48.99999999999999289, -5.000000000000000000 ) ) ;
#623 = ORIENTED_EDGE ( 'NONE', *, *, #1207, .F. ) ;
#624 = AXIS2_PLACEMENT_3D ( 'NONE', #1096, #16, #122 ) ;
#625 = EDGE_CURVE ( 'NONE', #490, #421, #676, .T. ) ;
#626 = DIRECTION ( 'NONE',  ( 1.176083712526648949E-16, -1.000000000000000000, 0.000000000000000000 ) ) ;
#627 = CIRCLE ( 'NONE', #326, 1.500000000000001332 ) ;
#628 = EDGE_CURVE ( 'NONE', #3, #660, #582, .T. ) ;
#629 = FACE_OUTER_BOUND ( 'NONE', #403, .T. ) ;
#630 = CIRCLE ( 'NONE', #1533, 5.000000000000000888 ) ;
#631 = DIRECTION ( 'NONE',  ( 1.000000000000000000, 0.000000000000000000, 0.000000000000000000 ) ) ;
#632 = UNCERTAINTY_MEASURE_WITH_UNIT (LENGTH_MEASURE( 1.000000000000000082E-05 ), #131, 'distance_accuracy_value', 'NONE');
#633 = CARTESIAN_POINT ( 'NONE',  ( -105.0000000000000284, 34.99999999999999289, 3.500000000000000000 ) ) ;
#634 = ORIENTED_EDGE ( 'NONE', *, *, #1526, .F. ) ;
#635 = CIRCLE ( 'NONE', #996, 5.000000000000000888 ) ;
#636 = DIRECTION ( 'NONE',  ( 1.000000000000000000, 0.000000000000000000, 0.000000000000000000 ) ) ;
#637 = LINE ( 'NONE', #492, #36 ) ;
#638 = PRESENTATION_LAYER_ASSIGNMENT (  '', '', ( #1246 ) ) ;
#639 = CYLINDRICAL_SURFACE ( 'NONE', #198, 2.000000000000001776 ) ;
#640 = CARTESIAN_POINT ( 'NONE',  ( 15.00000000000000000, -48.99999999999998579, 3.500000000000000000 ) ) ;
#641 = CARTESIAN_POINT ( 'NONE',  ( -9.999999999999991118, -20.00000000000000355, 3.500000000000000000 ) ) ;
#642 = VERTEX_POINT ( 'NONE', #299 ) ;
#643 = CARTESIAN_POINT ( 'NONE',  ( 8.499999999999989342, -20.00000000000000355, 0.000000000000000000 ) ) ;
#644 = ORIENTED_EDGE ( 'NONE', *, *, #1343, .F. ) ;
#645 = DIRECTION ( 'NONE',  ( 0.000000000000000000, -0.000000000000000000, -1.000000000000000000 ) ) ;
#646 = ORIENTED_EDGE ( 'NONE', *, *, #31, .F. ) ;
#647 = EDGE_CURVE ( 'NONE', #1185, #359, #47, .T. ) ;
#648 = CARTESIAN_POINT ( 'NONE',  ( -103.0000000000000284, -56.99999999999999289, 3.500000000000000000 ) ) ;
#649 = CARTESIAN_POINT ( 'NONE',  ( 15.00000000000000000, -59.00000000000000000, 0.000000000000000000 ) ) ;
#650 = EDGE_LOOP ( 'NONE', ( #752, #1513 ) ) ;
#651 = CARTESIAN_POINT ( 'NONE',  ( -97.00000000000001421, 48.99999999999999289, -5.000000000000000000 ) ) ;
#652 = ORIENTED_EDGE ( 'NONE', *, *, #1315, .T. ) ;
#653 = AXIS2_PLACEMENT_3D ( 'NONE', #1208, #1344, #1474 ) ;
#654 = DIRECTION ( 'NONE',  ( 1.000000000000000000, 0.000000000000000000, 0.000000000000000000 ) ) ;
#655 = ORIENTED_EDGE ( 'NONE', *, *, #1209, .T. ) ;
#656 = AXIS2_PLACEMENT_3D ( 'NONE', #1146, #1170, #909 ) ;
#657 = DIRECTION ( 'NONE',  ( -0.000000000000000000, 0.000000000000000000, 1.000000000000000000 ) ) ;
#658 = VECTOR ( 'NONE', #1077, 1000.000000000000000 ) ;
#659 = DIRECTION ( 'NONE',  ( 1.000000000000000000, 0.000000000000000000, 0.000000000000000000 ) ) ;
#660 = VERTEX_POINT ( 'NONE', #1275 ) ;
#661 = CIRCLE ( 'NONE', #248, 5.000000000000000888 ) ;
#662 = ORIENTED_EDGE ( 'NONE', *, *, #1241, .T. ) ;
#663 = DIRECTION ( 'NONE',  ( -1.000000000000000000, 0.000000000000000000, -0.000000000000000000 ) ) ;
#664 = ORIENTED_EDGE ( 'NONE', *, *, #1055, .T. ) ;
#665 = ORIENTED_EDGE ( 'NONE', *, *, #606, .F. ) ;
#666 = AXIS2_PLACEMENT_3D ( 'NONE', #215, #472, #327 ) ;
#667 = DIRECTION ( 'NONE',  ( 1.000000000000000000, 0.000000000000000000, 0.000000000000000000 ) ) ;
#668 = DIRECTION ( 'NONE',  ( 1.000000000000000000, 0.000000000000000000, 0.000000000000000000 ) ) ;
#669 = ORIENTED_EDGE ( 'NONE', *, *, #1287, .F. ) ;
#670 = ORIENTED_EDGE ( 'NONE', *, *, #1359, .F. ) ;
#671 = ADVANCED_FACE ( 'NONE', ( #538 ), #66, .F. ) ;
#672 = CARTESIAN_POINT ( 'NONE',  ( -36.00000000000002132, 48.99999999999999289, -5.000000000000000000 ) ) ;
#673 = ORIENTED_EDGE ( 'NONE', *, *, #361, .F. ) ;
#674 = EDGE_CURVE ( 'NONE', #660, #307, #282, .T. ) ;
#675 = EDGE_LOOP ( 'NONE', ( #1180, #926, #693, #602 ) ) ;
#676 = LINE ( 'NONE', #316, #970 ) ;
#677 = DIRECTION ( 'NONE',  ( -1.000000000000000000, 0.000000000000000000, -0.000000000000000000 ) ) ;
#678 = ORIENTED_EDGE ( 'NONE', *, *, #347, .F. ) ;
#679 = ORIENTED_EDGE ( 'NONE', *, *, #144, .T. ) ;
#680 = ORIENTED_EDGE ( 'NONE', *, *, #1442, .F. ) ;
#681 = EDGE_CURVE ( 'NONE', #931, #468, #779, .T. ) ;
#682 = EDGE_CURVE ( 'NONE', #1229, #322, #221, .T. ) ;
#683 = AXIS2_PLACEMENT_3D ( 'NONE', #1009, #397, #1594 ) ;
#684 = EDGE_LOOP ( 'NONE', ( #542, #60 ) ) ;
#685 = AXIS2_PLACEMENT_3D ( 'NONE', #879, #1337, #1464 ) ;
#686 = CARTESIAN_POINT ( 'NONE',  ( -41.00000000000001421, 48.99999999999999289, -5.000000000000000000 ) ) ;
#687 = CARTESIAN_POINT ( 'NONE',  ( -29.00000000000001776, 56.99999999999999289, 23.50000000000000000 ) ) ;
#688 = AXIS2_PLACEMENT_3D ( 'NONE', #937, #84, #654 ) ;
#689 = VERTEX_POINT ( 'NONE', #1283 ) ;
#690 = APPLICATION_CONTEXT ( 'automotive_design' ) ;
#691 = CIRCLE ( 'NONE', #1507, 1.500000000000001332 ) ;
#692 = CARTESIAN_POINT ( 'NONE',  ( 0.000000000000000000, 0.000000000000000000, 3.500000000000000000 ) ) ;
#693 = ORIENTED_EDGE ( 'NONE', *, *, #1436, .F. ) ;
#694 = VERTEX_POINT ( 'NONE', #1536 ) ;
#695 = ADVANCED_FACE ( 'NONE', ( #164 ), #416, .T. ) ;
#696 = AXIS2_PLACEMENT_3D ( 'NONE', #712, #828, #1310 ) ;
#697 =( GEOMETRIC_REPRESENTATION_CONTEXT ( 3 ) GLOBAL_UNCERTAINTY_ASSIGNED_CONTEXT ( ( #1022 ) ) GLOBAL_UNIT_ASSIGNED_CONTEXT ( ( #1586, #615, #139 ) ) REPRESENTATION_CONTEXT ( 'NONE', 'WORKASPACE' ) );
#698 = LINE ( 'NONE', #1558, #90 ) ;
#699 = EDGE_CURVE ( 'NONE', #424, #444, #1577, .T. ) ;
#700 = DIRECTION ( 'NONE',  ( -0.000000000000000000, -0.000000000000000000, 1.000000000000000000 ) ) ;
#701 = FACE_OUTER_BOUND ( 'NONE', #1114, .T. ) ;
#702 = ORIENTED_EDGE ( 'NONE', *, *, #227, .T. ) ;
#703 = ORIENTED_EDGE ( 'NONE', *, *, #1442, .T. ) ;
#704 = LINE ( 'NONE', #1203, #786 ) ;
#705 = DIRECTION ( 'NONE',  ( 1.000000000000000000, 0.000000000000000000, 0.000000000000000000 ) ) ;
#706 = CARTESIAN_POINT ( 'NONE',  ( -27.00000000000001776, 59.00000000000000000, 3.500000000000000000 ) ) ;
#707 = VERTEX_POINT ( 'NONE', #648 ) ;
#708 = ORIENTED_EDGE ( 'NONE', *, *, #341, .T. ) ;
#709 = CARTESIAN_POINT ( 'NONE',  ( 14.99999999999998579, 48.99999999999999289, -5.000000000000000000 ) ) ;
#710 = EDGE_CURVE ( 'NONE', #191, #988, #398, .T. ) ;
#711 = AXIS2_PLACEMENT_3D ( 'NONE', #18, #614, #1111 ) ;
#712 = CARTESIAN_POINT ( 'NONE',  ( 14.99999999999998579, 48.99999999999999289, -5.000000000000000000 ) ) ;
#713 = CARTESIAN_POINT ( 'NONE',  ( -97.00000000000001421, -48.99999999999998579, -5.000000000000000000 ) ) ;
#714 = ORIENTED_EDGE ( 'NONE', *, *, #963, .T. ) ;
#715 = AXIS2_PLACEMENT_3D ( 'NONE', #438, #561, #808 ) ;
#716 = VERTEX_POINT ( 'NONE', #201 ) ;
#717 = EDGE_CURVE ( 'NONE', #550, #722, #71, .T. ) ;
#718 = CYLINDRICAL_SURFACE ( 'NONE', #136, 2.000000000000001776 ) ;
#719 = VECTOR ( 'NONE', #1303, 1000.000000000000000 ) ;
#720 = DIRECTION ( 'NONE',  ( 1.176083712526648949E-16, -1.000000000000000000, 0.000000000000000000 ) ) ;
#721 = DIRECTION ( 'NONE',  ( 1.000000000000000000, 0.000000000000000000, 0.000000000000000000 ) ) ;
#722 = VERTEX_POINT ( 'NONE', #323 ) ;
#723 = EDGE_CURVE ( 'NONE', #1408, #54, #374, .T. ) ;
#724 = CARTESIAN_POINT ( 'NONE',  ( -107.0000000000000284, -56.99999999999999289, 23.50000000000000000 ) ) ;
#725 = DIRECTION ( 'NONE',  ( 1.176083712526648949E-16, -1.000000000000000000, 0.000000000000000000 ) ) ;
#726 = DIRECTION ( 'NONE',  ( -1.176083712526648949E-16, 1.000000000000000000, 0.000000000000000000 ) ) ;
#727 = DIRECTION ( 'NONE',  ( -0.000000000000000000, -0.000000000000000000, 1.000000000000000000 ) ) ;
#728 = EDGE_LOOP ( 'NONE', ( #910, #573, #1523, #1174, #313, #947, #410, #533 ) ) ;
#729 = EDGE_CURVE ( 'NONE', #468, #1532, #274, .T. ) ;
#730 = CARTESIAN_POINT ( 'NONE',  ( 9.999999999999991118, -20.00000000000000355, 3.500000000000000000 ) ) ;
#731 = CARTESIAN_POINT ( 'NONE',  ( -97.00000000000001421, -48.99999999999998579, -5.000000000000000000 ) ) ;
#732 = AXIS2_PLACEMENT_3D ( 'NONE', #990, #1353, #1116 ) ;
#733 = CARTESIAN_POINT ( 'NONE',  ( -107.0000000000000142, 48.99999999999999289, 0.000000000000000000 ) ) ;
#734 = AXIS2_PLACEMENT_3D ( 'NONE', #367, #1372, #519 ) ;
#735 = ORIENTED_EDGE ( 'NONE', *, *, #501, .F. ) ;
#736 = CARTESIAN_POINT ( 'NONE',  ( -8.499999999999989342, -20.00000000000000355, 3.500000000000000000 ) ) ;
#737 = LINE ( 'NONE', #260, #524 ) ;
#738 = VECTOR ( 'NONE', #1183, 1000.000000000000000 ) ;
#739 = DIRECTION ( 'NONE',  ( 0.000000000000000000, 0.000000000000000000, -1.000000000000000000 ) ) ;
#740 = CARTESIAN_POINT ( 'NONE',  ( 15.00000000000000000, -48.99999999999998579, 3.500000000000000000 ) ) ;
#741 = CIRCLE ( 'NONE', #1383, 2.000000000000001776 ) ;
#742 = CARTESIAN_POINT ( 'NONE',  ( 11.49999999999999289, 20.00000000000000355, 0.000000000000000000 ) ) ;
#743 = ORIENTED_EDGE ( 'NONE', *, *, #235, .T. ) ;
#744 = EDGE_CURVE ( 'NONE', #307, #1200, #1093, .T. ) ;
#745 = PRESENTATION_LAYER_ASSIGNMENT (  '', '', ( #1220 ) ) ;
#746 = CARTESIAN_POINT ( 'NONE',  ( -103.0000000000000284, -56.99999999999999289, 23.50000000000000000 ) ) ;
#747 = LINE ( 'NONE', #1225, #940 ) ;
#748 = EDGE_CURVE ( 'NONE', #1053, #153, #395, .T. ) ;
#749 = DIRECTION ( 'NONE',  ( 1.000000000000000000, 0.000000000000000000, 0.000000000000000000 ) ) ;
#750 = ADVANCED_FACE ( 'NONE', ( #822, #1390, #1178, #1430, #1028 ), #25, .T. ) ;
#751 = CARTESIAN_POINT ( 'NONE',  ( -103.0000000000000284, -56.99999999999999289, 23.50000000000000000 ) ) ;
#752 = ORIENTED_EDGE ( 'NONE', *, *, #75, .F. ) ;
#753 = DIRECTION ( 'NONE',  ( -1.000000000000000000, 0.000000000000000000, 0.000000000000000000 ) ) ;
#754 = PLANE ( 'NONE',  #653 ) ;
#755 = FACE_OUTER_BOUND ( 'NONE', #728, .T. ) ;
#756 = DIRECTION ( 'NONE',  ( 1.176083712526648949E-16, -1.000000000000000000, 0.000000000000000000 ) ) ;
#757 = EDGE_LOOP ( 'NONE', ( #1024, #888, #1078, #1193 ) ) ;
#758 = CARTESIAN_POINT ( 'NONE',  ( -97.00000000000001421, 48.99999999999999289, -5.000000000000000000 ) ) ;
#759 = CARTESIAN_POINT ( 'NONE',  ( -27.00000000000001776, 59.00000000000000000, 3.500000000000000000 ) ) ;
#760 = CARTESIAN_POINT ( 'NONE',  ( -25.00000000000001421, 59.00000000000000000, 3.500000000000000000 ) ) ;
#761 = VECTOR ( 'NONE', #600, 1000.000000000000000 ) ;
#762 = CARTESIAN_POINT ( 'NONE',  ( -25.00000000000001421, 59.00000000000000000, 3.500000000000000000 ) ) ;
#763 = CARTESIAN_POINT ( 'NONE',  ( -41.00000000000000711, -48.99999999999998579, 0.000000000000000000 ) ) ;
#764 = ORIENTED_EDGE ( 'NONE', *, *, #529, .T. ) ;
#765 = AXIS2_PLACEMENT_3D ( 'NONE', #1190, #959, #720 ) ;
#766 = CARTESIAN_POINT ( 'NONE',  ( -8.499999999999989342, -20.00000000000000355, 0.000000000000000000 ) ) ;
#767 = ORIENTED_EDGE ( 'NONE', *, *, #1138, .T. ) ;
#768 = EDGE_CURVE ( 'NONE', #303, #1378, #451, .T. ) ;
#769 = LINE ( 'NONE', #760, #306 ) ;
#770 = ORIENTED_EDGE ( 'NONE', *, *, #717, .F. ) ;
#771 = DIRECTION ( 'NONE',  ( 1.176083712526648949E-16, -1.000000000000000000, 0.000000000000000000 ) ) ;
#772 = DIRECTION ( 'NONE',  ( 1.000000000000000000, 0.000000000000000000, 0.000000000000000000 ) ) ;
#773 = ORIENTED_EDGE ( 'NONE', *, *, #75, .T. ) ;
#774 = CARTESIAN_POINT ( 'NONE',  ( -102.0000000000000142, -48.99999999999998579, -5.000000000000000000 ) ) ;
#775 = VERTEX_POINT ( 'NONE', #34 ) ;
#776 = EDGE_CURVE ( 'NONE', #550, #400, #787, .T. ) ;
#777 = DIRECTION ( 'NONE',  ( 0.000000000000000000, -0.000000000000000000, -1.000000000000000000 ) ) ;
#778 = ORIENTED_EDGE ( 'NONE', *, *, #244, .T. ) ;
#779 = LINE ( 'NONE', #555, #1070 ) ;
#780 = LINE ( 'NONE', #1570, #1433 ) ;
#781 = ORIENTED_EDGE ( 'NONE', *, *, #935, .F. ) ;
#782 = VERTEX_POINT ( 'NONE', #414 ) ;
#783 = FACE_BOUND ( 'NONE', #1139, .T. ) ;
#784 = VECTOR ( 'NONE', #1242, 1000.000000000000000 ) ;
#785 = ORIENTED_EDGE ( 'NONE', *, *, #1055, .F. ) ;
#786 = VECTOR ( 'NONE', #725, 1000.000000000000000 ) ;
#787 = LINE ( 'NONE', #442, #791 ) ;
#788 = VERTEX_POINT ( 'NONE', #1140 ) ;
#789 = AXIS2_PLACEMENT_3D ( 'NONE', #762, #1099, #1002 ) ;
#790 = DIRECTION ( 'NONE',  ( 1.000000000000000000, 0.000000000000000000, 0.000000000000000000 ) ) ;
#791 = VECTOR ( 'NONE', #1304, 1000.000000000000000 ) ;
#792 = PRODUCT_DEFINITION_SHAPE ( 'NONE', 'NONE',  #339 ) ;
#793 = LINE ( 'NONE', #434, #165 ) ;
#794 = ORIENTED_EDGE ( 'NONE', *, *, #439, .F. ) ;
#795 = AXIS2_PLACEMENT_3D ( 'NONE', #272, #150, #1011 ) ;
#796 = CARTESIAN_POINT ( 'NONE',  ( 15.00000000000000000, -48.99999999999998579, -5.000000000000000000 ) ) ;
#797 = ORIENTED_EDGE ( 'NONE', *, *, #572, .T. ) ;
#798 = ORIENTED_EDGE ( 'NONE', *, *, #275, .T. ) ;
#799 = VECTOR ( 'NONE', #1050, 1000.000000000000000 ) ;
#800 = DIRECTION ( 'NONE',  ( -0.000000000000000000, 0.000000000000000000, 1.000000000000000000 ) ) ;
#801 = EDGE_CURVE ( 'NONE', #1158, #807, #906, .T. ) ;
#802 = CARTESIAN_POINT ( 'NONE',  ( -105.0000000000000142, -56.99999999999999289, 23.50000000000000000 ) ) ;
#803 = EDGE_LOOP ( 'NONE', ( #1018, #862, #1394, #56, #226, #743, #1443, #206 ) ) ;
#804 = EDGE_CURVE ( 'NONE', #1358, #1053, #1273, .T. ) ;
#805 = FILL_AREA_STYLE ('',( #435 ) ) ;
#806 = ORIENTED_EDGE ( 'NONE', *, *, #768, .F. ) ;
#807 = VERTEX_POINT ( 'NONE', #570 ) ;
#808 = DIRECTION ( 'NONE',  ( 1.000000000000000000, 0.000000000000000000, 0.000000000000000000 ) ) ;
#809 = AXIS2_PLACEMENT_3D ( 'NONE', #1168, #72, #527 ) ;
#810 = DIRECTION ( 'NONE',  ( 0.000000000000000000, 0.000000000000000000, -1.000000000000000000 ) ) ;
#811 = EDGE_CURVE ( 'NONE', #1295, #559, #1505, .T. ) ;
#812 = DIRECTION ( 'NONE',  ( 0.000000000000000000, 0.000000000000000000, -1.000000000000000000 ) ) ;
#813 = EDGE_LOOP ( 'NONE', ( #120, #794 ) ) ;
#814 = ORIENTED_EDGE ( 'NONE', *, *, #63, .F. ) ;
#815 = AXIS2_PLACEMENT_3D ( 'NONE', #345, #838, #102 ) ;
#816 = VECTOR ( 'NONE', #455, 1000.000000000000000 ) ;
#817 = CARTESIAN_POINT ( 'NONE',  ( -41.00000000000000711, -48.99999999999998579, -5.000000000000000000 ) ) ;
#818 = CARTESIAN_POINT ( 'NONE',  ( -11.49999999999999289, -20.00000000000000355, 3.500000000000000000 ) ) ;
#819 = VECTOR ( 'NONE', #1311, 1000.000000000000000 ) ;
#820 = DIRECTION ( 'NONE',  ( -0.000000000000000000, 0.000000000000000000, 1.000000000000000000 ) ) ;
#821 = CIRCLE ( 'NONE', #795, 1.500000000000001332 ) ;
#822 = FACE_BOUND ( 'NONE', #650, .T. ) ;
#823 = ORIENTED_EDGE ( 'NONE', *, *, #463, .F. ) ;
#824 = EDGE_CURVE ( 'NONE', #1563, #52, #769, .T. ) ;
#825 = ORIENTED_EDGE ( 'NONE', *, *, #572, .F. ) ;
#826 = CIRCLE ( 'NONE', #406, 5.000000000000000888 ) ;
#827 = CARTESIAN_POINT ( 'NONE',  ( 14.99999999999998579, 48.99999999999999289, 3.500000000000000000 ) ) ;
#828 = DIRECTION ( 'NONE',  ( 0.000000000000000000, 0.000000000000000000, -1.000000000000000000 ) ) ;
#829 = DIRECTION ( 'NONE',  ( 1.000000000000000000, 0.000000000000000000, 0.000000000000000000 ) ) ;
#830 = ORIENTED_EDGE ( 'NONE', *, *, #977, .F. ) ;
#831 = VERTEX_POINT ( 'NONE', #45 ) ;
#832 = ADVANCED_FACE ( 'NONE', ( #899 ), #174, .F. ) ;
#833 = DIRECTION ( 'NONE',  ( -0.000000000000000000, -0.000000000000000000, 1.000000000000000000 ) ) ;
#834 = DIRECTION ( 'NONE',  ( 1.000000000000000000, 1.176083712526648949E-16, -0.000000000000000000 ) ) ;
#835 = DIRECTION ( 'NONE',  ( 1.000000000000000000, 0.000000000000000000, 0.000000000000000000 ) ) ;
#836 = ORIENTED_EDGE ( 'NONE', *, *, #319, .T. ) ;
#837 = ADVANCED_FACE ( 'NONE', ( #701 ), #518, .F. ) ;
#838 = DIRECTION ( 'NONE',  ( -0.000000000000000000, -0.000000000000000000, 1.000000000000000000 ) ) ;
#839 = LINE ( 'NONE', #1089, #816 ) ;
#840 = EDGE_CURVE ( 'NONE', #831, #689, #14, .T. ) ;
#841 = CARTESIAN_POINT ( 'NONE',  ( -105.0000000000000284, -1.234887898152981803E-14, 23.50000000000000000 ) ) ;
#842 = DIRECTION ( 'NONE',  ( -1.000000000000000000, 0.000000000000000000, 0.000000000000000000 ) ) ;
#843 = ORIENTED_EDGE ( 'NONE', *, *, #1189, .T. ) ;
#844 = CIRCLE ( 'NONE', #1435, 10.00000000000000178 ) ;
#845 = LINE ( 'NONE', #1327, #885 ) ;
#846 = CIRCLE ( 'NONE', #927, 5.000000000000000888 ) ;
#847 = CYLINDRICAL_SURFACE ( 'NONE', #243, 10.00000000000000000 ) ;
#848 = EDGE_CURVE ( 'NONE', #1285, #782, #630, .T. ) ;
#849 = FACE_OUTER_BOUND ( 'NONE', #1036, .T. ) ;
#850 = DIRECTION ( 'NONE',  ( 0.000000000000000000, -0.000000000000000000, -1.000000000000000000 ) ) ;
#851 = EDGE_LOOP ( 'NONE', ( #211, #644, #611, #1163 ) ) ;
#852 = CYLINDRICAL_SURFACE ( 'NONE', #194, 5.000000000000000888 ) ;
#853 = CARTESIAN_POINT ( 'NONE',  ( 8.499999999999989342, -20.00000000000000355, 3.500000000000000000 ) ) ;
#854 = LINE ( 'NONE', #733, #890 ) ;
#855 = EDGE_LOOP ( 'NONE', ( #291, #239, #1415, #1272 ) ) ;
#856 = AXIS2_PLACEMENT_3D ( 'NONE', #1355, #255, #749 ) ;
#857 = DIRECTION ( 'NONE',  ( -0.000000000000000000, -0.000000000000000000, 1.000000000000000000 ) ) ;
#858 = CARTESIAN_POINT ( 'NONE',  ( 0.000000000000000000, 0.000000000000000000, 23.50000000000000000 ) ) ;
#859 = CARTESIAN_POINT ( 'NONE',  ( -97.00000000000001421, -48.99999999999998579, -5.000000000000000000 ) ) ;
#860 = DIRECTION ( 'NONE',  ( 1.000000000000000000, 0.000000000000000000, 0.000000000000000000 ) ) ;
#861 = CIRCLE ( 'NONE', #1297, 2.000000000000001776 ) ;
#862 = ORIENTED_EDGE ( 'NONE', *, *, #512, .T. ) ;
#863 = DIRECTION ( 'NONE',  ( -0.000000000000000000, -0.000000000000000000, 1.000000000000000000 ) ) ;
#864 = DIRECTION ( 'NONE',  ( -0.000000000000000000, 0.000000000000000000, 1.000000000000000000 ) ) ;
#865 = ADVANCED_FACE ( 'NONE', ( #146 ), #639, .T. ) ;
#866 = AXIS2_PLACEMENT_3D ( 'NONE', #968, #850, #835 ) ;
#867 = EDGE_CURVE ( 'NONE', #1053, #1547, #1462, .T. ) ;
#868 = DIRECTION ( 'NONE',  ( -0.000000000000000000, -0.000000000000000000, 1.000000000000000000 ) ) ;
#869 = CARTESIAN_POINT ( 'NONE',  ( -41.00000000000000711, -48.99999999999998579, -5.000000000000000000 ) ) ;
#870 = ORIENTED_EDGE ( 'NONE', *, *, #674, .T. ) ;
#871 = LINE ( 'NONE', #1130, #333 ) ;
#872 = DIRECTION ( 'NONE',  ( 0.000000000000000000, -0.000000000000000000, -1.000000000000000000 ) ) ;
#873 = FACE_OUTER_BOUND ( 'NONE', #1388, .T. ) ;
#874 = FILL_AREA_STYLE ('',( #271 ) ) ;
#875 = FACE_OUTER_BOUND ( 'NONE', #188, .T. ) ;
#876 = EDGE_LOOP ( 'NONE', ( #907, #1153, #1167, #923 ) ) ;
#877 = CARTESIAN_POINT ( 'NONE',  ( 0.000000000000000000, -56.99999999999999289, 3.500000000000000000 ) ) ;
#878 = ADVANCED_FACE ( 'NONE', ( #1451 ), #363, .F. ) ;
#879 = CARTESIAN_POINT ( 'NONE',  ( -9.999999999999991118, 20.00000000000000355, 0.000000000000000000 ) ) ;
#880 = DIRECTION ( 'NONE',  ( 0.000000000000000000, 0.000000000000000000, -1.000000000000000000 ) ) ;
#881 = DIRECTION ( 'NONE',  ( -0.000000000000000000, -0.000000000000000000, 1.000000000000000000 ) ) ;
#882 =( NAMED_UNIT ( * ) SI_UNIT ( $, .STERADIAN. ) SOLID_ANGLE_UNIT ( ) );
#883 = DIRECTION ( 'NONE',  ( -1.000000000000000000, 0.000000000000000000, 0.000000000000000000 ) ) ;
#884 = ORIENTED_EDGE ( 'NONE', *, *, #1576, .T. ) ;
#885 = VECTOR ( 'NONE', #229, 1000.000000000000000 ) ;
#886 = LINE ( 'NONE', #152, #1538 ) ;
#887 = VECTOR ( 'NONE', #1049, 1000.000000000000000 ) ;
#888 = ORIENTED_EDGE ( 'NONE', *, *, #1460, .F. ) ;
#889 = DIRECTION ( 'NONE',  ( -0.000000000000000000, 0.000000000000000000, 1.000000000000000000 ) ) ;
#890 = VECTOR ( 'NONE', #1439, 1000.000000000000000 ) ;
#891 = VECTOR ( 'NONE', #997, 1000.000000000000000 ) ;
#892 = CARTESIAN_POINT ( 'NONE',  ( 9.999999999999991118, 20.00000000000000355, 3.500000000000000000 ) ) ;
#893 = LINE ( 'NONE', #986, #891 ) ;
#894 = ORIENTED_EDGE ( 'NONE', *, *, #19, .F. ) ;
#895 = EDGE_CURVE ( 'NONE', #1213, #296, #943, .T. ) ;
#896 = VECTOR ( 'NONE', #1342, 1000.000000000000000 ) ;
#897 = CARTESIAN_POINT ( 'NONE',  ( 0.000000000000000000, 0.000000000000000000, 0.000000000000000000 ) ) ;
#898 = ORIENTED_EDGE ( 'NONE', *, *, #407, .T. ) ;
#899 = FACE_OUTER_BOUND ( 'NONE', #1326, .T. ) ;
#900 = ORIENTED_EDGE ( 'NONE', *, *, #699, .T. ) ;
#901 = DIRECTION ( 'NONE',  ( 1.000000000000000000, -0.000000000000000000, 0.000000000000000000 ) ) ;
#902 = CARTESIAN_POINT ( 'NONE',  ( -27.00000000000001776, 56.99999999999999289, 3.500000000000000000 ) ) ;
#903 = ORIENTED_EDGE ( 'NONE', *, *, #1336, .T. ) ;
#904 = CARTESIAN_POINT ( 'NONE',  ( -41.00000000000000711, -48.99999999999998579, -5.000000000000000000 ) ) ;
#905 = VERTEX_POINT ( 'NONE', #1325 ) ;
#906 = LINE ( 'NONE', #1498, #1299 ) ;
#907 = ORIENTED_EDGE ( 'NONE', *, *, #682, .F. ) ;
#908 = FACE_OUTER_BOUND ( 'NONE', #172, .T. ) ;
#909 = DIRECTION ( 'NONE',  ( 1.000000000000000000, 0.000000000000000000, 0.000000000000000000 ) ) ;
#910 = ORIENTED_EDGE ( 'NONE', *, *, #1535, .F. ) ;
#911 = ORIENTED_EDGE ( 'NONE', *, *, #1389, .T. ) ;
#912 = CARTESIAN_POINT ( 'NONE',  ( -97.00000000000001421, 48.99999999999999289, -5.000000000000000000 ) ) ;
#913 = VERTEX_POINT ( 'NONE', #98 ) ;
#914 = VECTOR ( 'NONE', #568, 1000.000000000000000 ) ;
#915 = VERTEX_POINT ( 'NONE', #449 ) ;
#916 = AXIS2_PLACEMENT_3D ( 'NONE', #859, #739, #621 ) ;
#917 = EDGE_CURVE ( 'NONE', #905, #303, #854, .T. ) ;
#918 = EDGE_CURVE ( 'NONE', #1122, #775, #350, .T. ) ;
#919 = CARTESIAN_POINT ( 'NONE',  ( -29.00000000000000355, -54.99999999999999289, 23.50000000000000000 ) ) ;
#920 = VECTOR ( 'NONE', #1047, 1000.000000000000000 ) ;
#921 = LINE ( 'NONE', #1393, #1345 ) ;
#922 = VERTEX_POINT ( 'NONE', #1212 ) ;
#923 = ORIENTED_EDGE ( 'NONE', *, *, #981, .F. ) ;
#924 =( NAMED_UNIT ( * ) PLANE_ANGLE_UNIT ( ) SI_UNIT ( $, .RADIAN. ) );
#925 = ORIENTED_EDGE ( 'NONE', *, *, #867, .T. ) ;
#926 = ORIENTED_EDGE ( 'NONE', *, *, #1194, .F. ) ;
#927 = AXIS2_PLACEMENT_3D ( 'NONE', #796, #1294, #1288 ) ;
#928 = DIRECTION ( 'NONE',  ( -0.000000000000000000, -0.000000000000000000, 1.000000000000000000 ) ) ;
#929 = FACE_OUTER_BOUND ( 'NONE', #517, .T. ) ;
#930 = DIRECTION ( 'NONE',  ( 1.000000000000000000, 0.000000000000000000, 0.000000000000000000 ) ) ;
#931 = VERTEX_POINT ( 'NONE', #953 ) ;
#932 = ORIENTED_EDGE ( 'NONE', *, *, #145, .T. ) ;
#933 = CARTESIAN_POINT ( 'NONE',  ( -41.00000000000001421, 48.99999999999999289, -5.000000000000000000 ) ) ;
#934 = CYLINDRICAL_SURFACE ( 'NONE', #373, 1.500000000000001332 ) ;
#935 = EDGE_CURVE ( 'NONE', #788, #1185, #960, .T. ) ;
#936 = DIRECTION ( 'NONE',  ( -1.000000000000000000, 0.000000000000000000, -0.000000000000000000 ) ) ;
#937 = CARTESIAN_POINT ( 'NONE',  ( -97.00000000000001421, 48.99999999999999289, 0.000000000000000000 ) ) ;
#938 = ORIENTED_EDGE ( 'NONE', *, *, #346, .T. ) ;
#939 = ORIENTED_EDGE ( 'NONE', *, *, #319, .F. ) ;
#940 = VECTOR ( 'NONE', #1109, 1000.000000000000000 ) ;
#941 = AXIS2_PLACEMENT_3D ( 'NONE', #1041, #290, #1423 ) ;
#942 = CARTESIAN_POINT ( 'NONE',  ( -105.0000000000000284, -54.99999999999999289, 3.499999999999999556 ) ) ;
#943 = CIRCLE ( 'NONE', #477, 1.500000000000001332 ) ;
#944 = CARTESIAN_POINT ( 'NONE',  ( 11.49999999999999289, -20.00000000000000355, 0.000000000000000000 ) ) ;
#945 = AXIS2_PLACEMENT_3D ( 'NONE', #763, #263, #520 ) ;
#946 = CARTESIAN_POINT ( 'NONE',  ( -27.00000000000001776, 54.99999999999999289, 23.50000000000000000 ) ) ;
#947 = ORIENTED_EDGE ( 'NONE', *, *, #461, .T. ) ;
#948 = ORIENTED_EDGE ( 'NONE', *, *, #1194, .T. ) ;
#949 = CIRCLE ( 'NONE', #1562, 1.500000000000001332 ) ;
#950 =( GEOMETRIC_REPRESENTATION_CONTEXT ( 3 ) GLOBAL_UNCERTAINTY_ASSIGNED_CONTEXT ( ( #632 ) ) GLOBAL_UNIT_ASSIGNED_CONTEXT ( ( #131, #1090, #882 ) ) REPRESENTATION_CONTEXT ( 'NONE', 'WORKASPACE' ) );
#951 = DIRECTION ( 'NONE',  ( 0.000000000000000000, 0.000000000000000000, -1.000000000000000000 ) ) ;
#952 = CARTESIAN_POINT ( 'NONE',  ( -41.00000000000000711, -48.99999999999998579, -5.000000000000000000 ) ) ;
#953 = CARTESIAN_POINT ( 'NONE',  ( -84.99999999999998579, 56.99999999999999289, 23.50000000000000000 ) ) ;
#954 = ORIENTED_EDGE ( 'NONE', *, *, #840, .F. ) ;
#955 = ORIENTED_EDGE ( 'NONE', *, *, #6, .T. ) ;
#956 = EDGE_CURVE ( 'NONE', #444, #468, #588, .T. ) ;
#957 = DIRECTION ( 'NONE',  ( 0.000000000000000000, 0.000000000000000000, 1.000000000000000000 ) ) ;
#958 = ADVANCED_FACE ( 'NONE', ( #483 ), #119, .F. ) ;
#959 = DIRECTION ( 'NONE',  ( -1.000000000000000000, -1.176083712526648949E-16, 0.000000000000000000 ) ) ;
#960 = LINE ( 'NONE', #1340, #354 ) ;
#961 = ORIENTED_EDGE ( 'NONE', *, *, #1138, .F. ) ;
#962 = ORIENTED_EDGE ( 'NONE', *, *, #1592, .F. ) ;
#963 = EDGE_CURVE ( 'NONE', #988, #424, #610, .T. ) ;
#964 = CIRCLE ( 'NONE', #9, 4.999999999999997335 ) ;
#965 = ADVANCED_FACE ( 'NONE', ( #1467 ), #1333, .T. ) ;
#966 = CARTESIAN_POINT ( 'NONE',  ( -9.999999999999991118, 20.00000000000000355, 0.000000000000000000 ) ) ;
#967 = CARTESIAN_POINT ( 'NONE',  ( -103.0000000000000284, -54.99999999999999289, 3.499999999999999556 ) ) ;
#968 = CARTESIAN_POINT ( 'NONE',  ( 15.00000000000000000, -48.99999999999998579, 0.000000000000000000 ) ) ;
#969 = ORIENTED_EDGE ( 'NONE', *, *, #1117, .T. ) ;
#970 = VECTOR ( 'NONE', #422, 1000.000000000000000 ) ;
#971 = DIRECTION ( 'NONE',  ( -0.000000000000000000, -0.000000000000000000, 1.000000000000000000 ) ) ;
#972 = VECTOR ( 'NONE', #936, 1000.000000000000000 ) ;
#973 = CARTESIAN_POINT ( 'NONE',  ( 15.00000000000000000, -59.00000000000000000, 3.500000000000000000 ) ) ;
#974 = DIRECTION ( 'NONE',  ( -0.000000000000000000, -0.000000000000000000, 1.000000000000000000 ) ) ;
#975 = ORIENTED_EDGE ( 'NONE', *, *, #544, .F. ) ;
#976 = LINE ( 'NONE', #242, #784 ) ;
#977 = EDGE_CURVE ( 'NONE', #915, #1295, #358, .T. ) ;
#978 = DIRECTION ( 'NONE',  ( 0.000000000000000000, 0.000000000000000000, 1.000000000000000000 ) ) ;
#979 = CARTESIAN_POINT ( 'NONE',  ( -107.0000000000000142, 58.99999999999999289, 0.000000000000000000 ) ) ;
#980 = EDGE_LOOP ( 'NONE', ( #778, #1102, #670, #1407 ) ) ;
#981 = EDGE_CURVE ( 'NONE', #322, #52, #1560, .T. ) ;
#982 = CARTESIAN_POINT ( 'NONE',  ( -84.99999999999998579, 59.00000000000000000, 23.50000000000000000 ) ) ;
#983 = CARTESIAN_POINT ( 'NONE',  ( 15.00000000000000000, -48.99999999999998579, -5.000000000000000000 ) ) ;
#984 = CARTESIAN_POINT ( 'NONE',  ( 9.999999999999984013, 48.99999999999999289, 0.000000000000000000 ) ) ;
#985 = CIRCLE ( 'NONE', #1235, 5.000000000000000888 ) ;
#986 = CARTESIAN_POINT ( 'NONE',  ( -25.00000000000001421, 59.00000000000000000, 0.000000000000000000 ) ) ;
#987 = AXIS2_PLACEMENT_3D ( 'NONE', #1119, #978, #993 ) ;
#988 = VERTEX_POINT ( 'NONE', #1446 ) ;
#989 = CARTESIAN_POINT ( 'NONE',  ( -25.00000000000001421, 56.99999999999999289, 23.50000000000000000 ) ) ;
#990 = CARTESIAN_POINT ( 'NONE',  ( 0.000000000000000000, 0.000000000000000000, 3.500000000000000000 ) ) ;
#991 = AXIS2_PLACEMENT_3D ( 'NONE', #692, #534, #295 ) ;
#992 = CIRCLE ( 'NONE', #866, 10.00000000000000178 ) ;
#993 = DIRECTION ( 'NONE',  ( 1.000000000000000000, 0.000000000000000000, 0.000000000000000000 ) ) ;
#994 = ADVANCED_FACE ( 'NONE', ( #1199 ), #105, .T. ) ;
#995 = CYLINDRICAL_SURFACE ( 'NONE', #457, 10.00000000000000000 ) ;
#996 = AXIS2_PLACEMENT_3D ( 'NONE', #1473, #252, #1224 ) ;
#997 = DIRECTION ( 'NONE',  ( -1.000000000000000000, -0.000000000000000000, -0.000000000000000000 ) ) ;
#998 = ORIENTED_EDGE ( 'NONE', *, *, #181, .T. ) ;
#999 = CARTESIAN_POINT ( 'NONE',  ( 9.999999999999998224, -48.99999999999998579, 0.000000000000000000 ) ) ;
#1000 = CARTESIAN_POINT ( 'NONE',  ( -46.00000000000001421, 48.99999999999999289, -5.000000000000000000 ) ) ;
#1001 = EDGE_CURVE ( 'NONE', #775, #1185, #992, .T. ) ;
#1002 = DIRECTION ( 'NONE',  ( 0.000000000000000000, -0.000000000000000000, -1.000000000000000000 ) ) ;
#1003 = DIRECTION ( 'NONE',  ( 1.176083712526648949E-16, -1.000000000000000000, 0.000000000000000000 ) ) ;
#1004 = ORIENTED_EDGE ( 'NONE', *, *, #1585, .T. ) ;
#1005 = CARTESIAN_POINT ( 'NONE',  ( -8.499999999999989342, 20.00000000000000355, 0.000000000000000000 ) ) ;
#1006 = ORIENTED_EDGE ( 'NONE', *, *, #867, .F. ) ;
#1007 = CARTESIAN_POINT ( 'NONE',  ( -27.00000000000000355, -56.99999999999999289, 23.50000000000000000 ) ) ;
#1008 = EDGE_CURVE ( 'NONE', #167, #1229, #1318, .T. ) ;
#1009 = CARTESIAN_POINT ( 'NONE',  ( 9.999999999999991118, -20.00000000000000355, 0.000000000000000000 ) ) ;
#1010 = VECTOR ( 'NONE', #1470, 1000.000000000000000 ) ;
#1011 = DIRECTION ( 'NONE',  ( -1.000000000000000000, 0.000000000000000000, 0.000000000000000000 ) ) ;
#1012 = VERTEX_POINT ( 'NONE', #1205 ) ;
#1013 = CIRCLE ( 'NONE', #8, 2.000000000000001776 ) ;
#1014 = DIRECTION ( 'NONE',  ( -1.176083712526648949E-16, 1.000000000000000000, -0.000000000000000000 ) ) ;
#1015 = AXIS2_PLACEMENT_3D ( 'NONE', #1234, #493, #388 ) ;
#1016 = ORIENTED_EDGE ( 'NONE', *, *, #1466, .T. ) ;
#1017 = CARTESIAN_POINT ( 'NONE',  ( -29.00000000000000355, -54.99999999999999289, 3.499999999999999556 ) ) ;
#1018 = ORIENTED_EDGE ( 'NONE', *, *, #31, .T. ) ;
#1019 = AXIS2_PLACEMENT_3D ( 'NONE', #1040, #289, #1021 ) ;
#1020 = VECTOR ( 'NONE', #1496, 1000.000000000000000 ) ;
#1021 = DIRECTION ( 'NONE',  ( 1.000000000000000000, 0.000000000000000000, 0.000000000000000000 ) ) ;
#1022 = UNCERTAINTY_MEASURE_WITH_UNIT (LENGTH_MEASURE( 1.000000000000000082E-05 ), #1586, 'distance_accuracy_value', 'NONE');
#1023 = CARTESIAN_POINT ( 'NONE',  ( -27.00000000000000355, -59.00000000000000000, 23.50000000000000000 ) ) ;
#1024 = ORIENTED_EDGE ( 'NONE', *, *, #776, .F. ) ;
#1025 = VECTOR ( 'NONE', #522, 1000.000000000000000 ) ;
#1026 = CARTESIAN_POINT ( 'NONE',  ( -105.0000000000000142, -59.00000000000000000, 0.000000000000000000 ) ) ;
#1027 = ORIENTED_EDGE ( 'NONE', *, *, #63, .T. ) ;
#1028 = FACE_OUTER_BOUND ( 'NONE', #803, .T. ) ;
#1029 = ORIENTED_EDGE ( 'NONE', *, *, #413, .T. ) ;
#1030 = ADVANCED_FACE ( 'NONE', ( #112 ), #216, .T. ) ;
#1031 = DIRECTION ( 'NONE',  ( 0.000000000000000000, 0.000000000000000000, -1.000000000000000000 ) ) ;
#1032 = CARTESIAN_POINT ( 'NONE',  ( -107.0000000000000142, 36.99999999999999289, 23.50000000000000000 ) ) ;
#1033 = EDGE_LOOP ( 'NONE', ( #1472, #1573, #1524, #714 ) ) ;
#1034 = SURFACE_STYLE_USAGE ( .BOTH. , #1258 ) ;
#1035 = PRODUCT ( '\X2\5e955ea7\X0\', '\X2\5e955ea7\X0\', '', ( #1221 ) ) ;
#1036 = EDGE_LOOP ( 'NONE', ( #1540, #1029 ) ) ;
#1037 = EDGE_CURVE ( 'NONE', #192, #1378, #893, .T. ) ;
#1038 = EDGE_CURVE ( 'NONE', #1122, #426, #489, .T. ) ;
#1039 = VERTEX_POINT ( 'NONE', #751 ) ;
#1040 = CARTESIAN_POINT ( 'NONE',  ( -27.00000000000000355, -56.99999999999999289, 23.50000000000000000 ) ) ;
#1041 = CARTESIAN_POINT ( 'NONE',  ( -9.999999999999991118, 20.00000000000000355, 0.000000000000000000 ) ) ;
#1042 = EDGE_LOOP ( 'NONE', ( #781, #1027, #961, #1312, #1065, #1289, #1420, #1588 ) ) ;
#1043 =( LENGTH_UNIT ( ) NAMED_UNIT ( * ) SI_UNIT ( .MILLI., .METRE. ) );
#1044 = ORIENTED_EDGE ( 'NONE', *, *, #552, .T. ) ;
#1045 = CIRCLE ( 'NONE', #498, 5.000000000000004441 ) ;
#1046 = ORIENTED_EDGE ( 'NONE', *, *, #413, .F. ) ;
#1047 = DIRECTION ( 'NONE',  ( -0.000000000000000000, -0.000000000000000000, 1.000000000000000000 ) ) ;
#1048 = VECTOR ( 'NONE', #89, 1000.000000000000000 ) ;
#1049 = DIRECTION ( 'NONE',  ( -0.000000000000000000, -0.000000000000000000, 1.000000000000000000 ) ) ;
#1050 = DIRECTION ( 'NONE',  ( 1.176083712526648949E-16, -1.000000000000000000, 0.000000000000000000 ) ) ;
#1051 = ORIENTED_EDGE ( 'NONE', *, *, #963, .F. ) ;
#1052 = AXIS2_PLACEMENT_3D ( 'NONE', #491, #1504, #32 ) ;
#1053 = VERTEX_POINT ( 'NONE', #633 ) ;
#1054 = DIRECTION ( 'NONE',  ( 0.000000000000000000, -0.000000000000000000, -1.000000000000000000 ) ) ;
#1055 = EDGE_CURVE ( 'NONE', #642, #617, #1143, .T. ) ;
#1056 = DIRECTION ( 'NONE',  ( 1.000000000000000000, 0.000000000000000000, 0.000000000000000000 ) ) ;
#1057 = LINE ( 'NONE', #196, #310 ) ;
#1058 = CARTESIAN_POINT ( 'NONE',  ( 9.999999999999991118, -20.00000000000000355, 0.000000000000000000 ) ) ;
#1059 = ORIENTED_EDGE ( 'NONE', *, *, #380, .F. ) ;
#1060 = ORIENTED_EDGE ( 'NONE', *, *, #1424, .F. ) ;
#1061 = EDGE_CURVE ( 'NONE', #694, #400, #173, .T. ) ;
#1062 = FACE_OUTER_BOUND ( 'NONE', #876, .T. ) ;
#1063 = DIRECTION ( 'NONE',  ( -0.000000000000000000, -0.000000000000000000, 1.000000000000000000 ) ) ;
#1064 = DIRECTION ( 'NONE',  ( -0.000000000000000000, -0.000000000000000000, 1.000000000000000000 ) ) ;
#1065 = ORIENTED_EDGE ( 'NONE', *, *, #1037, .F. ) ;
#1066 = EDGE_LOOP ( 'NONE', ( #65, #1074, #836, #318 ) ) ;
#1067 = VECTOR ( 'NONE', #1400, 1000.000000000000000 ) ;
#1068 = CIRCLE ( 'NONE', #1015, 4.999999999999997335 ) ;
#1069 = CARTESIAN_POINT ( 'NONE',  ( -87.00000000000000000, 59.00000000000000000, 23.50000000000000000 ) ) ;
#1070 = VECTOR ( 'NONE', #1031, 1000.000000000000000 ) ;
#1071 = FACE_OUTER_BOUND ( 'NONE', #288, .T. ) ;
#1072 = DIRECTION ( 'NONE',  ( 0.000000000000000000, 0.000000000000000000, -1.000000000000000000 ) ) ;
#1073 = EDGE_LOOP ( 'NONE', ( #1398, #702, #161, #1131 ) ) ;
#1074 = ORIENTED_EDGE ( 'NONE', *, *, #560, .T. ) ;
#1075 = LINE ( 'NONE', #1331, #914 ) ;
#1076 = FACE_OUTER_BOUND ( 'NONE', #757, .T. ) ;
#1077 = DIRECTION ( 'NONE',  ( 0.000000000000000000, 0.000000000000000000, -1.000000000000000000 ) ) ;
#1078 = ORIENTED_EDGE ( 'NONE', *, *, #107, .T. ) ;
#1079 = ADVANCED_FACE ( 'NONE', ( #875 ), #1249, .T. ) ;
#1080 = ORIENTED_EDGE ( 'NONE', *, *, #1314, .F. ) ;
#1081 = EDGE_CURVE ( 'NONE', #286, #547, #661, .T. ) ;
#1082 = DIRECTION ( 'NONE',  ( 1.000000000000000000, 0.000000000000000000, 0.000000000000000000 ) ) ;
#1083 = LINE ( 'NONE', #1571, #177 ) ;
#1084 = DIRECTION ( 'NONE',  ( 0.000000000000000000, 1.000000000000000000, -0.000000000000000000 ) ) ;
#1085 = ORIENTED_EDGE ( 'NONE', *, *, #723, .F. ) ;
#1086 = ORIENTED_EDGE ( 'NONE', *, *, #1287, .T. ) ;
#1087 = AXIS2_PLACEMENT_3D ( 'NONE', #858, #864, #135 ) ;
#1088 = CIRCLE ( 'NONE', #269, 2.000000000000001776 ) ;
#1089 = CARTESIAN_POINT ( 'NONE',  ( -107.0000000000000142, 36.99999999999999289, -0.000000000000000000 ) ) ;
#1090 =( NAMED_UNIT ( * ) PLANE_ANGLE_UNIT ( ) SI_UNIT ( $, .RADIAN. ) );
#1091 = CARTESIAN_POINT ( 'NONE',  ( -9.999999999999991118, -20.00000000000000355, 3.500000000000000000 ) ) ;
#1092 = ORIENTED_EDGE ( 'NONE', *, *, #432, .F. ) ;
#1093 = CIRCLE ( 'NONE', #1243, 2.000000000000001776 ) ;
#1094 = EDGE_CURVE ( 'NONE', #913, #141, #1579, .T. ) ;
#1095 = VECTOR ( 'NONE', #727, 1000.000000000000000 ) ;
#1096 = CARTESIAN_POINT ( 'NONE',  ( -103.0000000000000284, -54.99999999999999289, 23.50000000000000000 ) ) ;
#1097 = AXIS2_PLACEMENT_3D ( 'NONE', #758, #378, #1491 ) ;
#1098 = EDGE_CURVE ( 'NONE', #421, #1012, #401, .T. ) ;
#1099 = DIRECTION ( 'NONE',  ( 0.000000000000000000, -1.000000000000000000, 0.000000000000000000 ) ) ;
#1100 = SHAPE_DEFINITION_REPRESENTATION ( #792, #1410 ) ;
#1101 = CARTESIAN_POINT ( 'NONE',  ( -105.0000000000000284, -1.234887898152981803E-14, 3.500000000000000000 ) ) ;
#1102 = ORIENTED_EDGE ( 'NONE', *, *, #977, .T. ) ;
#1103 = LINE ( 'NONE', #766, #74 ) ;
#1104 = DIRECTION ( 'NONE',  ( 0.000000000000000000, -1.000000000000000000, 0.000000000000000000 ) ) ;
#1105 = DIRECTION ( 'NONE',  ( 1.000000000000000000, 0.000000000000000000, 0.000000000000000000 ) ) ;
#1106 = FACE_OUTER_BOUND ( 'NONE', #1149, .T. ) ;
#1107 = ORIENTED_EDGE ( 'NONE', *, *, #729, .T. ) ;
#1108 = DIRECTION ( 'NONE',  ( 1.000000000000000000, -0.000000000000000000, 0.000000000000000000 ) ) ;
#1109 = DIRECTION ( 'NONE',  ( -0.000000000000000000, -0.000000000000000000, 1.000000000000000000 ) ) ;
#1110 = CIRCLE ( 'NONE', #685, 1.500000000000001332 ) ;
#1111 = DIRECTION ( 'NONE',  ( -1.000000000000000000, 0.000000000000000000, 0.000000000000000000 ) ) ;
#1112 = VECTOR ( 'NONE', #951, 1000.000000000000000 ) ;
#1113 = CARTESIAN_POINT ( 'NONE',  ( -27.00000000000001066, -3.175426023821953320E-15, 23.50000000000000000 ) ) ;
#1114 = EDGE_LOOP ( 'NONE', ( #273, #662, #1206, #1432 ) ) ;
#1115 = LINE ( 'NONE', #643, #456 ) ;
#1116 = DIRECTION ( 'NONE',  ( 1.000000000000000000, 0.000000000000000000, 0.000000000000000000 ) ) ;
#1117 = EDGE_CURVE ( 'NONE', #296, #1213, #691, .T. ) ;
#1118 = AXIS2_PLACEMENT_3D ( 'NONE', #1264, #800, #193 ) ;
#1119 = CARTESIAN_POINT ( 'NONE',  ( -107.0000000000000284, 34.99999999999999289, 0.000000000000000000 ) ) ;
#1120 = DIRECTION ( 'NONE',  ( 0.000000000000000000, 0.000000000000000000, 1.000000000000000000 ) ) ;
#1121 = DIRECTION ( 'NONE',  ( 0.000000000000000000, -0.000000000000000000, -1.000000000000000000 ) ) ;
#1122 = VERTEX_POINT ( 'NONE', #283 ) ;
#1123 = LINE ( 'NONE', #23, #1025 ) ;
#1124 = FACE_OUTER_BOUND ( 'NONE', #675, .T. ) ;
#1125 = EDGE_CURVE ( 'NONE', #1555, #296, #1366, .T. ) ;
#1126 = DIRECTION ( 'NONE',  ( 1.000000000000000000, 0.000000000000000000, 0.000000000000000000 ) ) ;
#1127 = CARTESIAN_POINT ( 'NONE',  ( 19.99999999999998579, 48.99999999999999289, -5.000000000000000000 ) ) ;
#1128 = LINE ( 'NONE', #979, #1274 ) ;
#1129 = ORIENTED_EDGE ( 'NONE', *, *, #682, .T. ) ;
#1130 = CARTESIAN_POINT ( 'NONE',  ( -27.00000000000000355, -54.99999999999999289, 23.50000000000000000 ) ) ;
#1131 = ORIENTED_EDGE ( 'NONE', *, *, #681, .T. ) ;
#1132 = DIRECTION ( 'NONE',  ( 0.000000000000000000, -0.000000000000000000, 1.000000000000000000 ) ) ;
#1133 = ORIENTED_EDGE ( 'NONE', *, *, #1233, .F. ) ;
#1134 = CARTESIAN_POINT ( 'NONE',  ( -29.00000000000001776, 54.99999999999999289, 23.50000000000000000 ) ) ;
#1135 = DIRECTION ( 'NONE',  ( 1.000000000000000000, 0.000000000000000000, 0.000000000000000000 ) ) ;
#1136 = EDGE_LOOP ( 'NONE', ( #1509, #1092 ) ) ;
#1137 = CARTESIAN_POINT ( 'NONE',  ( 15.00000000000000000, -48.99999999999998579, -5.000000000000000000 ) ) ;
#1138 = EDGE_CURVE ( 'NONE', #303, #99, #1128, .T. ) ;
#1139 = EDGE_LOOP ( 'NONE', ( #589, #1561 ) ) ;
#1140 = CARTESIAN_POINT ( 'NONE',  ( -105.0000000000000142, -59.00000000000000000, 0.000000000000000000 ) ) ;
#1141 = EDGE_LOOP ( 'NONE', ( #1480, #798, #197, #566, #93, #1553, #420, #1129, #1195, #955, #1375, #43, #708, #1404, #1495, #1044 ) ) ;
#1142 = AXIS2_PLACEMENT_3D ( 'NONE', #459, #974, #721 ) ;
#1143 = CIRCLE ( 'NONE', #454, 4.999999999999997335 ) ;
#1144 = DIRECTION ( 'NONE',  ( 1.000000000000000000, 0.000000000000000000, 0.000000000000000000 ) ) ;
#1145 = ADVANCED_FACE ( 'NONE', ( #1106 ), #1374, .T. ) ;
#1146 = CARTESIAN_POINT ( 'NONE',  ( -107.0000000000000284, 34.99999999999999289, 23.50000000000000000 ) ) ;
#1147 = ORIENTED_EDGE ( 'NONE', *, *, #361, .T. ) ;
#1148 = ADVANCED_FACE ( 'NONE', ( #1348 ), #506, .F. ) ;
#1149 = EDGE_LOOP ( 'NONE', ( #1531, #735, #703, #369 ) ) ;
#1150 = VECTOR ( 'NONE', #1405, 1000.000000000000000 ) ;
#1151 = PLANE ( 'NONE',  #1306 ) ;
#1152 = ORIENTED_EDGE ( 'NONE', *, *, #1094, .T. ) ;
#1153 = ORIENTED_EDGE ( 'NONE', *, *, #1008, .F. ) ;
#1154 = LINE ( 'NONE', #176, #170 ) ;
#1155 = FACE_OUTER_BOUND ( 'NONE', #851, .T. ) ;
#1156 = ORIENTED_EDGE ( 'NONE', *, *, #1081, .F. ) ;
#1157 = ORIENTED_EDGE ( 'NONE', *, *, #544, .T. ) ;
#1158 = VERTEX_POINT ( 'NONE', #1237 ) ;
#1159 = CIRCLE ( 'NONE', #809, 1.500000000000001332 ) ;
#1160 = EDGE_CURVE ( 'NONE', #153, #233, #514, .T. ) ;
#1161 = CARTESIAN_POINT ( 'NONE',  ( -102.0000000000000142, -48.99999999999998579, 0.000000000000000000 ) ) ;
#1162 = CARTESIAN_POINT ( 'NONE',  ( 19.99999999999998579, 48.99999999999999289, 0.000000000000000000 ) ) ;
#1163 = ORIENTED_EDGE ( 'NONE', *, *, #1329, .T. ) ;
#1164 =( NAMED_UNIT ( * ) SI_UNIT ( $, .STERADIAN. ) SOLID_ANGLE_UNIT ( ) );
#1165 = ORIENTED_EDGE ( 'NONE', *, *, #776, .T. ) ;
#1166 = EDGE_CURVE ( 'NONE', #415, #450, #821, .T. ) ;
#1167 = ORIENTED_EDGE ( 'NONE', *, *, #235, .F. ) ;
#1168 = CARTESIAN_POINT ( 'NONE',  ( 9.999999999999991118, 20.00000000000000355, 0.000000000000000000 ) ) ;
#1169 = VECTOR ( 'NONE', #1510, 1000.000000000000000 ) ;
#1170 = DIRECTION ( 'NONE',  ( -0.000000000000000000, 0.000000000000000000, 1.000000000000000000 ) ) ;
#1171 = DIRECTION ( 'NONE',  ( 0.000000000000000000, -0.000000000000000000, 1.000000000000000000 ) ) ;
#1172 = ORIENTED_EDGE ( 'NONE', *, *, #1001, .F. ) ;
#1173 = AXIS2_PLACEMENT_3D ( 'NONE', #142, #857, #636 ) ;
#1174 = ORIENTED_EDGE ( 'NONE', *, *, #19, .T. ) ;
#1175 = ADVANCED_FACE ( 'NONE', ( #1502 ), #399, .T. ) ;
#1176 = DIRECTION ( 'NONE',  ( -1.000000000000000000, 0.000000000000000000, 0.000000000000000000 ) ) ;
#1177 = CARTESIAN_POINT ( 'NONE',  ( -41.00000000000001421, 48.99999999999999289, -5.000000000000000000 ) ) ;
#1178 = FACE_BOUND ( 'NONE', #1463, .T. ) ;
#1179 = VERTEX_POINT ( 'NONE', #158 ) ;
#1180 = ORIENTED_EDGE ( 'NONE', *, *, #552, .F. ) ;
#1181 = CYLINDRICAL_SURFACE ( 'NONE', #1529, 2.000000000000001776 ) ;
#1182 = LINE ( 'NONE', #1198, #510 ) ;
#1183 = DIRECTION ( 'NONE',  ( 0.000000000000000000, 0.000000000000000000, -1.000000000000000000 ) ) ;
#1184 = VERTEX_POINT ( 'NONE', #742 ) ;
#1185 = VERTEX_POINT ( 'NONE', #649 ) ;
#1186 = CIRCLE ( 'NONE', #711, 5.000000000000000888 ) ;
#1187 = DIRECTION ( 'NONE',  ( 1.000000000000000000, 0.000000000000000000, 0.000000000000000000 ) ) ;
#1188 = CIRCLE ( 'NONE', #1019, 2.000000000000001776 ) ;
#1189 = EDGE_CURVE ( 'NONE', #405, #1532, #590, .T. ) ;
#1190 = CARTESIAN_POINT ( 'NONE',  ( 24.99999999999998579, 59.00000000000000000, 3.500000000000000000 ) ) ;
#1191 = VECTOR ( 'NONE', #126, 1000.000000000000000 ) ;
#1192 = DIRECTION ( 'NONE',  ( -0.000000000000000000, -0.000000000000000000, 1.000000000000000000 ) ) ;
#1193 = ORIENTED_EDGE ( 'NONE', *, *, #1061, .T. ) ;
#1194 = EDGE_CURVE ( 'NONE', #707, #1039, #516, .T. ) ;
#1195 = ORIENTED_EDGE ( 'NONE', *, *, #1535, .T. ) ;
#1196 = AXIS2_PLACEMENT_3D ( 'NONE', #952, #441, #349 ) ;
#1197 = DIRECTION ( 'NONE',  ( -0.000000000000000000, -0.000000000000000000, 1.000000000000000000 ) ) ;
#1198 = CARTESIAN_POINT ( 'NONE',  ( -25.00000000000001421, 59.00000000000000000, 3.500000000000000000 ) ) ;
#1199 = FACE_OUTER_BOUND ( 'NONE', #1307, .T. ) ;
#1200 = VERTEX_POINT ( 'NONE', #393 ) ;
#1201 = EDGE_LOOP ( 'NONE', ( #1541, #1152 ) ) ;
#1202 = ADVANCED_FACE ( 'NONE', ( #134 ), #612, .T. ) ;
#1203 = CARTESIAN_POINT ( 'NONE',  ( -27.00000000000001066, -3.175426023821953320E-15, 23.50000000000000000 ) ) ;
#1204 = DIRECTION ( 'NONE',  ( 1.000000000000000000, 0.000000000000000000, 0.000000000000000000 ) ) ;
#1205 = CARTESIAN_POINT ( 'NONE',  ( -8.499999999999989342, 20.00000000000000355, 3.500000000000000000 ) ) ;
#1206 = ORIENTED_EDGE ( 'NONE', *, *, #1166, .T. ) ;
#1207 = EDGE_CURVE ( 'NONE', #1200, #3, #871, .T. ) ;
#1208 = CARTESIAN_POINT ( 'NONE',  ( 15.00000000000000000, -48.99999999999998579, -5.000000000000000000 ) ) ;
#1209 = EDGE_CURVE ( 'NONE', #127, #1012, #1483, .T. ) ;
#1210 = FACE_OUTER_BOUND ( 'NONE', #855, .T. ) ;
#1211 = DIRECTION ( 'NONE',  ( -1.000000000000000000, 0.000000000000000000, 0.000000000000000000 ) ) ;
#1212 = CARTESIAN_POINT ( 'NONE',  ( -92.00000000000001421, 48.99999999999999289, -5.000000000000000000 ) ) ;
#1213 = VERTEX_POINT ( 'NONE', #736 ) ;
#1214 = AXIS2_PLACEMENT_3D ( 'NONE', #162, #404, #565 ) ;
#1215 = VECTOR ( 'NONE', #1003, 1000.000000000000000 ) ;
#1216 = DIRECTION ( 'NONE',  ( -0.000000000000000000, -0.000000000000000000, 1.000000000000000000 ) ) ;
#1217 = PLANE ( 'NONE',  #732 ) ;
#1218 = COLOUR_RGB ( '',1.000000000000000000, 1.000000000000000000, 1.000000000000000000 ) ;
#1219 = CARTESIAN_POINT ( 'NONE',  ( -102.0000000000000142, 48.99999999999999289, -5.000000000000000000 ) ) ;
#1220 = STYLED_ITEM ( 'NONE', ( #390 ), #1410 ) ;
#1221 = PRODUCT_CONTEXT ( 'NONE', #690, 'mechanical' ) ;
#1222 = CARTESIAN_POINT ( 'NONE',  ( -105.0000000000000284, -1.234887898152981803E-14, 23.50000000000000000 ) ) ;
#1223 = ORIENTED_EDGE ( 'NONE', *, *, #1262, .T. ) ;
#1224 = DIRECTION ( 'NONE',  ( 1.000000000000000000, 0.000000000000000000, 0.000000000000000000 ) ) ;
#1225 = CARTESIAN_POINT ( 'NONE',  ( 11.49999999999999289, -20.00000000000000355, 0.000000000000000000 ) ) ;
#1226 = LINE ( 'NONE', #27, #39 ) ;
#1227 = DIRECTION ( 'NONE',  ( -0.000000000000000000, -0.000000000000000000, 1.000000000000000000 ) ) ;
#1228 = DIRECTION ( 'NONE',  ( 1.000000000000000000, 0.000000000000000000, 0.000000000000000000 ) ) ;
#1229 = VERTEX_POINT ( 'NONE', #989 ) ;
#1230 = PRODUCT_RELATED_PRODUCT_CATEGORY ( 'part', '', ( #1035 ) ) ;
#1231 = LINE ( 'NONE', #1368, #280 ) ;
#1232 = DIRECTION ( 'NONE',  ( 0.000000000000000000, 1.000000000000000000, 0.000000000000000000 ) ) ;
#1233 = EDGE_CURVE ( 'NONE', #218, #24, #1231, .T. ) ;
#1234 = CARTESIAN_POINT ( 'NONE',  ( -41.00000000000000711, -48.99999999999998579, 0.000000000000000000 ) ) ;
#1235 = AXIS2_PLACEMENT_3D ( 'NONE', #709, #96, #585 ) ;
#1236 = DIRECTION ( 'NONE',  ( 0.000000000000000000, 0.000000000000000000, -1.000000000000000000 ) ) ;
#1237 = CARTESIAN_POINT ( 'NONE',  ( -92.00000000000001421, -48.99999999999998579, -5.000000000000000000 ) ) ;
#1238 = ORIENTED_EDGE ( 'NONE', *, *, #178, .F. ) ;
#1239 = EDGE_CURVE ( 'NONE', #1386, #1213, #1103, .T. ) ;
#1240 = CARTESIAN_POINT ( 'NONE',  ( -25.00000000000000000, -56.99999999999999289, 3.500000000000000000 ) ) ;
#1241 = EDGE_CURVE ( 'NONE', #344, #415, #1115, .T. ) ;
#1242 = DIRECTION ( 'NONE',  ( 1.000000000000000000, 0.000000000000000000, 0.000000000000000000 ) ) ;
#1243 = AXIS2_PLACEMENT_3D ( 'NONE', #1017, #889, #1516 ) ;
#1244 = DIRECTION ( 'NONE',  ( 1.000000000000000000, 0.000000000000000000, 0.000000000000000000 ) ) ;
#1245 = DIRECTION ( 'NONE',  ( -1.000000000000000000, 0.000000000000000000, 0.000000000000000000 ) ) ;
#1246 = STYLED_ITEM ( 'NONE', ( #557 ), #1419 ) ;
#1247 = CARTESIAN_POINT ( 'NONE',  ( 0.000000000000000000, 0.000000000000000000, 0.000000000000000000 ) ) ;
#1248 = CIRCLE ( 'NONE', #281, 1.500000000000001332 ) ;
#1249 = CYLINDRICAL_SURFACE ( 'NONE', #1351, 4.999999999999997335 ) ;
#1250 = ORIENTED_EDGE ( 'NONE', *, *, #723, .T. ) ;
#1251 = DIRECTION ( 'NONE',  ( -1.000000000000000000, 0.000000000000000000, 0.000000000000000000 ) ) ;
#1252 = ORIENTED_EDGE ( 'NONE', *, *, #1125, .T. ) ;
#1253 = DIRECTION ( 'NONE',  ( 0.000000000000000000, -0.000000000000000000, -1.000000000000000000 ) ) ;
#1254 = EDGE_LOOP ( 'NONE', ( #767, #1391, #1133, #284, #932, #567 ) ) ;
#1255 = CARTESIAN_POINT ( 'NONE',  ( -29.00000000000001776, 54.99999999999999289, 3.499999999999999556 ) ) ;
#1256 = DIRECTION ( 'NONE',  ( 0.000000000000000000, 0.000000000000000000, -1.000000000000000000 ) ) ;
#1257 = ORIENTED_EDGE ( 'NONE', *, *, #918, .T. ) ;
#1258 = SURFACE_SIDE_STYLE ('',( #53 ) ) ;
#1259 = ORIENTED_EDGE ( 'NONE', *, *, #1117, .F. ) ;
#1260 = DIRECTION ( 'NONE',  ( 0.000000000000000000, -0.000000000000000000, -1.000000000000000000 ) ) ;
#1261 = ORIENTED_EDGE ( 'NONE', *, *, #1098, .T. ) ;
#1262 = EDGE_CURVE ( 'NONE', #707, #307, #619, .T. ) ;
#1263 = EDGE_CURVE ( 'NONE', #99, #24, #1352, .T. ) ;
#1264 = CARTESIAN_POINT ( 'NONE',  ( -27.00000000000001776, 56.99999999999999289, 23.50000000000000000 ) ) ;
#1265 = CARTESIAN_POINT ( 'NONE',  ( 9.999999999999991118, 20.00000000000000355, 0.000000000000000000 ) ) ;
#1266 = ORIENTED_EDGE ( 'NONE', *, *, #265, .F. ) ;
#1267 = ORIENTED_EDGE ( 'NONE', *, *, #219, .F. ) ;
#1268 = FACE_OUTER_BOUND ( 'NONE', #329, .T. ) ;
#1269 = AXIS2_PLACEMENT_3D ( 'NONE', #1363, #270, #261 ) ;
#1270 = ORIENTED_EDGE ( 'NONE', *, *, #895, .T. ) ;
#1271 = DIRECTION ( 'NONE',  ( 0.000000000000000000, 1.000000000000000000, 0.000000000000000000 ) ) ;
#1272 = ORIENTED_EDGE ( 'NONE', *, *, #389, .F. ) ;
#1273 = CIRCLE ( 'NONE', #604, 2.000000000000001776 ) ;
#1274 = VECTOR ( 'NONE', #756, 1000.000000000000000 ) ;
#1275 = CARTESIAN_POINT ( 'NONE',  ( -29.00000000000000355, -56.99999999999999289, 23.50000000000000000 ) ) ;
#1276 = CARTESIAN_POINT ( 'NONE',  ( 9.999999999999984013, 48.99999999999999289, -5.000000000000000000 ) ) ;
#1277 = ORIENTED_EDGE ( 'NONE', *, *, #227, .F. ) ;
#1278 = ORIENTED_EDGE ( 'NONE', *, *, #918, .F. ) ;
#1279 = VECTOR ( 'NONE', #1227, 1000.000000000000000 ) ;
#1280 = FACE_BOUND ( 'NONE', #168, .T. ) ;
#1281 = EDGE_LOOP ( 'NONE', ( #1016, #1252, #338, #1367 ) ) ;
#1282 = ORIENTED_EDGE ( 'NONE', *, *, #729, .F. ) ;
#1283 = CARTESIAN_POINT ( 'NONE',  ( -102.0000000000000142, 48.99999999999999289, 0.000000000000000000 ) ) ;
#1284 = CARTESIAN_POINT ( 'NONE',  ( -97.00000000000001421, -48.99999999999998579, 0.000000000000000000 ) ) ;
#1285 = VERTEX_POINT ( 'NONE', #999 ) ;
#1286 = EDGE_LOOP ( 'NONE', ( #669, #377, #998, #453 ) ) ;
#1287 = EDGE_CURVE ( 'NONE', #1396, #1158, #228, .T. ) ;
#1288 = DIRECTION ( 'NONE',  ( -1.000000000000000000, 0.000000000000000000, 0.000000000000000000 ) ) ;
#1289 = ORIENTED_EDGE ( 'NONE', *, *, #463, .T. ) ;
#1290 = ADVANCED_FACE ( 'NONE', ( #1590 ), #266, .T. ) ;
#1291 = EDGE_LOOP ( 'NONE', ( #1334, #113, #1581, #1259 ) ) ;
#1292 = CARTESIAN_POINT ( 'NONE',  ( -107.0000000000000142, -1.431999528372448058E-14, 0.000000000000000000 ) ) ;
#1293 = CARTESIAN_POINT ( 'NONE',  ( -25.00000000000001421, 56.99999999999999289, 3.500000000000000000 ) ) ;
#1294 = DIRECTION ( 'NONE',  ( 0.000000000000000000, 0.000000000000000000, -1.000000000000000000 ) ) ;
#1295 = VERTEX_POINT ( 'NONE', #1240 ) ;
#1296 = EDGE_CURVE ( 'NONE', #484, #922, #1354, .T. ) ;
#1297 = AXIS2_PLACEMENT_3D ( 'NONE', #802, #187, #440 ) ;
#1298 = EDGE_LOOP ( 'NONE', ( #392, #1085, #531, #535 ) ) ;
#1299 = VECTOR ( 'NONE', #328, 1000.000000000000000 ) ;
#1300 = DIRECTION ( 'NONE',  ( 0.000000000000000000, 0.000000000000000000, -1.000000000000000000 ) ) ;
#1301 = AXIS2_PLACEMENT_3D ( 'NONE', #21, #1489, #1228 ) ;
#1302 = DIRECTION ( 'NONE',  ( 1.176083712526648949E-16, -1.000000000000000000, 0.000000000000000000 ) ) ;
#1303 = DIRECTION ( 'NONE',  ( -0.000000000000000000, -0.000000000000000000, 1.000000000000000000 ) ) ;
#1304 = DIRECTION ( 'NONE',  ( -0.000000000000000000, -0.000000000000000000, 1.000000000000000000 ) ) ;
#1305 = ORIENTED_EDGE ( 'NONE', *, *, #6, .F. ) ;
#1306 = AXIS2_PLACEMENT_3D ( 'NONE', #897, #183, #1387 ) ;
#1307 = EDGE_LOOP ( 'NONE', ( #133, #460, #251, #1004 ) ) ;
#1308 = CARTESIAN_POINT ( 'NONE',  ( 9.999999999999991118, -20.00000000000000355, 0.000000000000000000 ) ) ;
#1309 = ADVANCED_FACE ( 'NONE', ( #370 ), #385, .F. ) ;
#1310 = DIRECTION ( 'NONE',  ( -1.000000000000000000, 0.000000000000000000, -0.000000000000000000 ) ) ;
#1311 = DIRECTION ( 'NONE',  ( 0.000000000000000000, 0.000000000000000000, -1.000000000000000000 ) ) ;
#1312 = ORIENTED_EDGE ( 'NONE', *, *, #768, .T. ) ;
#1313 = ORIENTED_EDGE ( 'NONE', *, *, #1343, .T. ) ;
#1314 = EDGE_CURVE ( 'NONE', #424, #1200, #1123, .T. ) ;
#1315 = EDGE_CURVE ( 'NONE', #775, #308, #886, .T. ) ;
#1316 = DIRECTION ( 'NONE',  ( 0.000000000000000000, 0.000000000000000000, -1.000000000000000000 ) ) ;
#1317 = DIRECTION ( 'NONE',  ( 0.000000000000000000, 0.000000000000000000, -1.000000000000000000 ) ) ;
#1318 = LINE ( 'NONE', #232, #1095 ) ;
#1319 = EDGE_LOOP ( 'NONE', ( #1418, #1147, #797, #975 ) ) ;
#1320 = ORIENTED_EDGE ( 'NONE', *, *, #681, .F. ) ;
#1321 = AXIS2_PLACEMENT_3D ( 'NONE', #11, #881, #1346 ) ;
#1322 = DIRECTION ( 'NONE',  ( -0.000000000000000000, 0.000000000000000000, 1.000000000000000000 ) ) ;
#1323 = VECTOR ( 'NONE', #525, 1000.000000000000000 ) ;
#1324 = PLANE ( 'NONE',  #765 ) ;
#1325 = CARTESIAN_POINT ( 'NONE',  ( -107.0000000000000000, 48.99999999999999289, 3.499999999999999556 ) ) ;
#1326 = EDGE_LOOP ( 'NONE', ( #646, #1567, #279, #523, #1349, #384 ) ) ;
#1327 = CARTESIAN_POINT ( 'NONE',  ( 14.99999999999998579, 59.00000000000000000, 3.500000000000000000 ) ) ;
#1328 = CIRCLE ( 'NONE', #482, 5.000000000000004441 ) ;
#1329 = EDGE_CURVE ( 'NONE', #782, #1285, #635, .T. ) ;
#1330 = AXIS2_PLACEMENT_3D ( 'NONE', #1177, #1317, #1544 ) ;
#1331 = CARTESIAN_POINT ( 'NONE',  ( -102.0000000000000142, 48.99999999999999289, -5.000000000000000000 ) ) ;
#1332 = CYLINDRICAL_SURFACE ( 'NONE', #609, 9.999999999999994671 ) ;
#1333 = PLANE ( 'NONE',  #1350 ) ;
#1334 = ORIENTED_EDGE ( 'NONE', *, *, #1125, .F. ) ;
#1335 = EDGE_CURVE ( 'NONE', #54, #642, #128, .T. ) ;
#1336 = EDGE_CURVE ( 'NONE', #922, #484, #1328, .T. ) ;
#1337 = DIRECTION ( 'NONE',  ( 0.000000000000000000, 0.000000000000000000, 1.000000000000000000 ) ) ;
#1338 = DIRECTION ( 'NONE',  ( -0.000000000000000000, -0.000000000000000000, 1.000000000000000000 ) ) ;
#1339 = APPLICATION_PROTOCOL_DEFINITION ( 'draft international standard', 'automotive_design', 1998, #690 ) ;
#1340 = CARTESIAN_POINT ( 'NONE',  ( -25.00000000000000000, -59.00000000000000000, 0.000000000000000000 ) ) ;
#1341 = ORIENTED_EDGE ( 'NONE', *, *, #1160, .T. ) ;
#1342 = DIRECTION ( 'NONE',  ( -0.000000000000000000, -0.000000000000000000, 1.000000000000000000 ) ) ;
#1343 = EDGE_CURVE ( 'NONE', #320, #1179, #846, .T. ) ;
#1344 = DIRECTION ( 'NONE',  ( 0.000000000000000000, 0.000000000000000000, -1.000000000000000000 ) ) ;
#1345 = VECTOR ( 'NONE', #1302, 1000.000000000000000 ) ;
#1346 = DIRECTION ( 'NONE',  ( 1.000000000000000000, 0.000000000000000000, 0.000000000000000000 ) ) ;
#1347 = DIRECTION ( 'NONE',  ( 1.000000000000000000, 0.000000000000000000, 0.000000000000000000 ) ) ;
#1348 = FACE_OUTER_BOUND ( 'NONE', #1033, .T. ) ;
#1349 = ORIENTED_EDGE ( 'NONE', *, *, #935, .T. ) ;
#1350 = AXIS2_PLACEMENT_3D ( 'NONE', #210, #1084, #1566 ) ;
#1351 = AXIS2_PLACEMENT_3D ( 'NONE', #869, #616, #1357 ) ;
#1352 = LINE ( 'NONE', #1376, #147 ) ;
#1353 = DIRECTION ( 'NONE',  ( -0.000000000000000000, 0.000000000000000000, 1.000000000000000000 ) ) ;
#1354 = CIRCLE ( 'NONE', #1052, 5.000000000000004441 ) ;
#1355 = CARTESIAN_POINT ( 'NONE',  ( -103.0000000000000284, -54.99999999999999289, 23.50000000000000000 ) ) ;
#1356 = DIRECTION ( 'NONE',  ( 0.000000000000000000, -0.000000000000000000, -1.000000000000000000 ) ) ;
#1357 = DIRECTION ( 'NONE',  ( 1.000000000000000000, 0.000000000000000000, 0.000000000000000000 ) ) ;
#1358 = VERTEX_POINT ( 'NONE', #564 ) ;
#1359 = EDGE_CURVE ( 'NONE', #167, #1295, #68, .T. ) ;
#1360 = DIRECTION ( 'NONE',  ( -0.000000000000000000, -0.000000000000000000, 1.000000000000000000 ) ) ;
#1361 = DIRECTION ( 'NONE',  ( 1.000000000000000000, 0.000000000000000000, 0.000000000000000000 ) ) ;
#1362 = EDGE_CURVE ( 'NONE', #352, #1447, #1057, .T. ) ;
#1363 = CARTESIAN_POINT ( 'NONE',  ( 14.99999999999998579, 48.99999999999999289, 0.000000000000000000 ) ) ;
#1364 = EDGE_CURVE ( 'NONE', #352, #788, #532, .T. ) ;
#1365 = SURFACE_STYLE_FILL_AREA ( #874 ) ;
#1366 = LINE ( 'NONE', #495, #1557 ) ;
#1367 = ORIENTED_EDGE ( 'NONE', *, *, #1239, .F. ) ;
#1368 = CARTESIAN_POINT ( 'NONE',  ( -107.0000000000000284, -1.258409572403514609E-14, 23.50000000000000000 ) ) ;
#1369 = DIRECTION ( 'NONE',  ( -1.000000000000000000, 0.000000000000000000, 0.000000000000000000 ) ) ;
#1370 = CARTESIAN_POINT ( 'NONE',  ( -105.0000000000000284, 34.99999999999999289, 23.50000000000000000 ) ) ;
#1371 = AXIS2_PLACEMENT_3D ( 'NONE', #1568, #1454, #353 ) ;
#1372 = DIRECTION ( 'NONE',  ( 0.000000000000000000, -0.000000000000000000, -1.000000000000000000 ) ) ;
#1373 = CARTESIAN_POINT ( 'NONE',  ( -41.00000000000000711, -48.99999999999998579, -5.000000000000000000 ) ) ;
#1374 = CYLINDRICAL_SURFACE ( 'NONE', #1482, 5.000000000000000888 ) ;
#1375 = ORIENTED_EDGE ( 'NONE', *, *, #154, .F. ) ;
#1376 = CARTESIAN_POINT ( 'NONE',  ( -107.0000000000000142, -56.99999999999999289, 23.50000000000000000 ) ) ;
#1377 = AXIS2_PLACEMENT_3D ( 'NONE', #817, #1300, #1427 ) ;
#1378 = VERTEX_POINT ( 'NONE', #305 ) ;
#1379 = AXIS2_PLACEMENT_3D ( 'NONE', #686, #928, #667 ) ;
#1380 = CARTESIAN_POINT ( 'NONE',  ( -27.00000000000000355, -56.99999999999999289, 3.499999999999999556 ) ) ;
#1381 = EDGE_LOOP ( 'NONE', ( #1520, #948, #540, #870 ) ) ;
#1382 = DIRECTION ( 'NONE',  ( 0.000000000000000000, -0.000000000000000000, -1.000000000000000000 ) ) ;
#1383 = AXIS2_PLACEMENT_3D ( 'NONE', #967, #820, #1445 ) ;
#1384 = PRODUCT_DEFINITION_FORMATION_WITH_SPECIFIED_SOURCE ( '任何', '', #1035, .NOT_KNOWN. ) ;
#1385 = DIRECTION ( 'NONE',  ( -0.000000000000000000, -0.000000000000000000, -1.000000000000000000 ) ) ;
#1386 = VERTEX_POINT ( 'NONE', #61 ) ;
#1387 = DIRECTION ( 'NONE',  ( 1.000000000000000000, 0.000000000000000000, 0.000000000000000000 ) ) ;
#1388 = EDGE_LOOP ( 'NONE', ( #175, #1086 ) ) ;
#1389 = EDGE_CURVE ( 'NONE', #1179, #320, #826, .T. ) ;
#1390 = FACE_BOUND ( 'NONE', #1201, .T. ) ;
#1391 = ORIENTED_EDGE ( 'NONE', *, *, #1263, .T. ) ;
#1392 = DIRECTION ( 'NONE',  ( 1.000000000000000000, 0.000000000000000000, 0.000000000000000000 ) ) ;
#1393 = CARTESIAN_POINT ( 'NONE',  ( -25.00000000000000711, -2.940209281316623284E-15, 23.50000000000000000 ) ) ;
#1394 = ORIENTED_EDGE ( 'NONE', *, *, #1038, .T. ) ;
#1395 = FACE_BOUND ( 'NONE', #521, .T. ) ;
#1396 = VERTEX_POINT ( 'NONE', #774 ) ;
#1397 = DIRECTION ( 'NONE',  ( 1.000000000000000000, 3.469446951953611033E-15, 0.000000000000000000 ) ) ;
#1398 = ORIENTED_EDGE ( 'NONE', *, *, #956, .F. ) ;
#1399 = DIRECTION ( 'NONE',  ( 1.000000000000000000, 0.000000000000000000, 0.000000000000000000 ) ) ;
#1400 = DIRECTION ( 'NONE',  ( -0.000000000000000000, -0.000000000000000000, 1.000000000000000000 ) ) ;
#1401 = ORIENTED_EDGE ( 'NONE', *, *, #107, .F. ) ;
#1402 = AXIS2_PLACEMENT_3D ( 'NONE', #966, #957, #82 ) ;
#1403 = ADVANCED_FACE ( 'NONE', ( #402, #160, #783, #1280, #541, #1395, #1417, #1514, #1522, #1530, #42 ), #1151, .F. ) ;
#1404 = ORIENTED_EDGE ( 'NONE', *, *, #628, .T. ) ;
#1405 = DIRECTION ( 'NONE',  ( 0.000000000000000000, -0.000000000000000000, -1.000000000000000000 ) ) ;
#1406 = CIRCLE ( 'NONE', #500, 1.500000000000001332 ) ;
#1407 = ORIENTED_EDGE ( 'NONE', *, *, #1008, .T. ) ;
#1408 = VERTEX_POINT ( 'NONE', #672 ) ;
#1409 = VECTOR ( 'NONE', #1542, 1000.000000000000000 ) ;
#1410 = ADVANCED_BREP_SHAPE_REPRESENTATION ( '\X2\5e955ea7\X0\', ( #1419, #485 ), #697 ) ;
#1411 = CARTESIAN_POINT ( 'NONE',  ( -97.00000000000001421, 48.99999999999999289, 0.000000000000000000 ) ) ;
#1412 = ADVANCED_FACE ( 'NONE', ( #1268 ), #285, .T. ) ;
#1413 = CARTESIAN_POINT ( 'NONE',  ( -29.00000000000001776, 54.99999999999999289, 23.50000000000000000 ) ) ;
#1414 = EDGE_LOOP ( 'NONE', ( #1267, #785 ) ) ;
#1415 = ORIENTED_EDGE ( 'NONE', *, *, #804, .F. ) ;
#1416 = AXIS2_PLACEMENT_3D ( 'NONE', #1373, #505, #1347 ) ;
#1417 = FACE_BOUND ( 'NONE', #443, .T. ) ;
#1418 = ORIENTED_EDGE ( 'NONE', *, *, #1296, .F. ) ;
#1419 = MANIFOLD_SOLID_BREP ( '凸台-拉伸4', #1475 ) ;
#1420 = ORIENTED_EDGE ( 'NONE', *, *, #1315, .F. ) ;
#1421 = CYLINDRICAL_SURFACE ( 'NONE', #1379, 4.999999999999997335 ) ;
#1422 = ADVANCED_FACE ( 'NONE', ( #77 ), #1539, .T. ) ;
#1423 = DIRECTION ( 'NONE',  ( 1.000000000000000000, 0.000000000000000000, 0.000000000000000000 ) ) ;
#1424 = EDGE_CURVE ( 'NONE', #54, #1408, #586, .T. ) ;
#1425 = ORIENTED_EDGE ( 'NONE', *, *, #529, .F. ) ;
#1426 = PLANE ( 'NONE',  #1453 ) ;
#1427 = DIRECTION ( 'NONE',  ( -1.000000000000000000, 0.000000000000000000, 0.000000000000000000 ) ) ;
#1428 = CARTESIAN_POINT ( 'NONE',  ( -29.00000000000000355, -56.99999999999999289, 3.500000000000000000 ) ) ;
#1429 = CARTESIAN_POINT ( 'NONE',  ( -105.0000000000000284, -54.99999999999999289, 3.500000000000000000 ) ) ;
#1430 = FACE_BOUND ( 'NONE', #277, .T. ) ;
#1431 = VECTOR ( 'NONE', #971, 1000.000000000000000 ) ;
#1432 = ORIENTED_EDGE ( 'NONE', *, *, #144, .F. ) ;
#1433 = VECTOR ( 'NONE', #1197, 1000.000000000000000 ) ;
#1434 = EDGE_LOOP ( 'NONE', ( #548, #156, #1172, #1278 ) ) ;
#1435 = AXIS2_PLACEMENT_3D ( 'NONE', #58, #657, #1144 ) ;
#1436 = EDGE_CURVE ( 'NONE', #1547, #707, #741, .T. ) ;
#1437 = CARTESIAN_POINT ( 'NONE',  ( -27.00000000000001776, 59.00000000000000000, 23.50000000000000000 ) ) ;
#1438 = CARTESIAN_POINT ( 'NONE',  ( -9.999999999999991118, 20.00000000000000355, 0.000000000000000000 ) ) ;
#1439 = DIRECTION ( 'NONE',  ( 0.000000000000000000, 0.000000000000000000, -1.000000000000000000 ) ) ;
#1440 = VERTEX_POINT ( 'NONE', #944 ) ;
#1441 = AXIS2_PLACEMENT_3D ( 'NONE', #651, #578, #1461 ) ;
#1442 = EDGE_CURVE ( 'NONE', #515, #286, #448, .T. ) ;
#1443 = ORIENTED_EDGE ( 'NONE', *, *, #1359, .T. ) ;
#1444 = CARTESIAN_POINT ( 'NONE',  ( -11.49999999999999289, 20.00000000000000355, 3.500000000000000000 ) ) ;
#1445 = DIRECTION ( 'NONE',  ( 1.000000000000000000, 0.000000000000000000, 0.000000000000000000 ) ) ;
#1446 = CARTESIAN_POINT ( 'NONE',  ( -27.00000000000001776, 54.99999999999999289, 23.50000000000000000 ) ) ;
#1447 = VERTEX_POINT ( 'NONE', #356 ) ;
#1448 = FACE_OUTER_BOUND ( 'NONE', #1298, .T. ) ;
#1449 = DIRECTION ( 'NONE',  ( 0.000000000000000000, 0.000000000000000000, 1.000000000000000000 ) ) ;
#1450 = CYLINDRICAL_SURFACE ( 'NONE', #433, 1.500000000000001332 ) ;
#1451 = FACE_OUTER_BOUND ( 'NONE', #507, .T. ) ;
#1452 = ORIENTED_EDGE ( 'NONE', *, *, #956, .T. ) ;
#1453 = AXIS2_PLACEMENT_3D ( 'NONE', #199, #613, #509 ) ;
#1454 = DIRECTION ( 'NONE',  ( -0.000000000000000000, 0.000000000000000000, 1.000000000000000000 ) ) ;
#1455 = CIRCLE ( 'NONE', #656, 2.000000000000001776 ) ;
#1456 = ADVANCED_FACE ( 'NONE', ( #342 ), #1332, .T. ) ;
#1457 = DIRECTION ( 'NONE',  ( 1.000000000000000000, 0.000000000000000000, 0.000000000000000000 ) ) ;
#1458 = AXIS2_PLACEMENT_3D ( 'NONE', #155, #645, #1126 ) ;
#1459 = UNCERTAINTY_MEASURE_WITH_UNIT (LENGTH_MEASURE( 1.000000000000000082E-05 ), #1043, 'distance_accuracy_value', 'NONE');
#1460 = EDGE_CURVE ( 'NONE', #722, #550, #48, .T. ) ;
#1461 = DIRECTION ( 'NONE',  ( 1.000000000000000000, 0.000000000000000000, 0.000000000000000000 ) ) ;
#1462 = LINE ( 'NONE', #1101, #761 ) ;
#1463 = EDGE_LOOP ( 'NONE', ( #1270, #969 ) ) ;
#1464 = DIRECTION ( 'NONE',  ( 1.000000000000000000, 0.000000000000000000, 0.000000000000000000 ) ) ;
#1465 = CARTESIAN_POINT ( 'NONE',  ( 20.00000000000000000, -48.99999999999998579, -5.000000000000000000 ) ) ;
#1466 = EDGE_CURVE ( 'NONE', #1386, #1555, #949, .T. ) ;
#1467 = FACE_OUTER_BOUND ( 'NONE', #1381, .T. ) ;
#1468 = ORIENTED_EDGE ( 'NONE', *, *, #461, .F. ) ;
#1469 = FACE_OUTER_BOUND ( 'NONE', #106, .T. ) ;
#1470 = DIRECTION ( 'NONE',  ( -0.000000000000000000, -0.000000000000000000, 1.000000000000000000 ) ) ;
#1471 = CARTESIAN_POINT ( 'NONE',  ( -97.00000000000001421, 48.99999999999999289, -5.000000000000000000 ) ) ;
#1472 = ORIENTED_EDGE ( 'NONE', *, *, #1314, .T. ) ;
#1473 = CARTESIAN_POINT ( 'NONE',  ( 15.00000000000000000, -48.99999999999998579, 0.000000000000000000 ) ) ;
#1474 = DIRECTION ( 'NONE',  ( -1.000000000000000000, 0.000000000000000000, -0.000000000000000000 ) ) ;
#1475 = CLOSED_SHELL ( 'NONE', ( #1079, #577, #1030, #64, #1422, #428, #837, #958, #671, #223, #503, #81, #55, #750, #1486, #832, #1403, #1501, #1309, #298, #425, #695, #26, #1148, #1485, #965, #124, #1589, #321, #1456, #479, #1202, #865, #330, #365, #37, #878, #245, #1145, #1477, #1290, #1175, #171, #100, #994, #475, #4, #1534, #1569, #1412 ) ) ;
#1476 = AXIS2_PLACEMENT_3D ( 'NONE', #575, #334, #110 ) ;
#1477 = ADVANCED_FACE ( 'NONE', ( #849 ), #593, .T. ) ;
#1478 = CARTESIAN_POINT ( 'NONE',  ( -46.00000000000000711, -48.99999999999998579, -5.000000000000000000 ) ) ;
#1479 = DIRECTION ( 'NONE',  ( 0.000000000000000000, -0.000000000000000000, -1.000000000000000000 ) ) ;
#1480 = ORIENTED_EDGE ( 'NONE', *, *, #1160, .F. ) ;
#1481 = AXIS2_PLACEMENT_3D ( 'NONE', #933, #880, #1545 ) ;
#1482 = AXIS2_PLACEMENT_3D ( 'NONE', #622, #28, #772 ) ;
#1483 = LINE ( 'NONE', #1005, #896 ) ;
#1484 = PLANE ( 'NONE',  #445 ) ;
#1485 = ADVANCED_FACE ( 'NONE', ( #466 ), #231, .T. ) ;
#1486 = ADVANCED_FACE ( 'NONE', ( #1071 ), #1324, .F. ) ;
#1487 = CARTESIAN_POINT ( 'NONE',  ( -9.999999999999991118, -20.00000000000000355, 0.000000000000000000 ) ) ;
#1488 = DIRECTION ( 'NONE',  ( 1.000000000000000000, 0.000000000000000000, 0.000000000000000000 ) ) ;
#1489 = DIRECTION ( 'NONE',  ( 0.000000000000000000, 0.000000000000000000, 1.000000000000000000 ) ) ;
#1490 = ORIENTED_EDGE ( 'NONE', *, *, #811, .F. ) ;
#1491 = DIRECTION ( 'NONE',  ( 1.000000000000000000, 0.000000000000000000, 0.000000000000000000 ) ) ;
#1492 = CARTESIAN_POINT ( 'NONE',  ( 0.000000000000000000, 56.99999999999999289, 23.50000000000000000 ) ) ;
#1493 = DIRECTION ( 'NONE',  ( 0.000000000000000000, 0.000000000000000000, -1.000000000000000000 ) ) ;
#1494 = DIRECTION ( 'NONE',  ( -0.000000000000000000, -0.000000000000000000, -1.000000000000000000 ) ) ;
#1495 = ORIENTED_EDGE ( 'NONE', *, *, #581, .F. ) ;
#1496 = DIRECTION ( 'NONE',  ( -0.000000000000000000, -0.000000000000000000, 1.000000000000000000 ) ) ;
#1497 = ORIENTED_EDGE ( 'NONE', *, *, #1336, .F. ) ;
#1498 = CARTESIAN_POINT ( 'NONE',  ( -92.00000000000001421, -48.99999999999998579, -5.000000000000000000 ) ) ;
#1499 = CARTESIAN_POINT ( 'NONE',  ( -92.00000000000001421, 48.99999999999999289, -5.000000000000000000 ) ) ;
#1500 = CIRCLE ( 'NONE', #1476, 1.500000000000001332 ) ;
#1501 = ADVANCED_FACE ( 'NONE', ( #83 ), #1450, .F. ) ;
#1502 = FACE_OUTER_BOUND ( 'NONE', #1517, .T. ) ;
#1503 = EDGE_LOOP ( 'NONE', ( #1059, #1468, #806, #294 ) ) ;
#1504 = DIRECTION ( 'NONE',  ( 0.000000000000000000, 0.000000000000000000, -1.000000000000000000 ) ) ;
#1505 = CIRCLE ( 'NONE', #528, 2.000000000000001776 ) ;
#1506 = ORIENTED_EDGE ( 'NONE', *, *, #674, .F. ) ;
#1507 = AXIS2_PLACEMENT_3D ( 'NONE', #641, #1494, #376 ) ;
#1508 = DIRECTION ( 'NONE',  ( 1.000000000000000000, 0.000000000000000000, 0.000000000000000000 ) ) ;
#1509 = ORIENTED_EDGE ( 'NONE', *, *, #1061, .F. ) ;
#1510 = DIRECTION ( 'NONE',  ( -0.000000000000000000, -0.000000000000000000, 1.000000000000000000 ) ) ;
#1511 = VECTOR ( 'NONE', #1108, 1000.000000000000000 ) ;
#1512 = LINE ( 'NONE', #687, #887 ) ;
#1513 = ORIENTED_EDGE ( 'NONE', *, *, #1166, .F. ) ;
#1514 = FACE_BOUND ( 'NONE', #430, .T. ) ;
#1515 = ORIENTED_EDGE ( 'NONE', *, *, #297, .F. ) ;
#1516 = DIRECTION ( 'NONE',  ( 1.000000000000000000, 0.000000000000000000, 0.000000000000000000 ) ) ;
#1517 = EDGE_LOOP ( 'NONE', ( #903, #462 ) ) ;
#1518 = DIRECTION ( 'NONE',  ( -1.000000000000000000, -1.176083712526648949E-16, 0.000000000000000000 ) ) ;
#1519 = DIRECTION ( 'NONE',  ( -0.000000000000000000, -0.000000000000000000, 1.000000000000000000 ) ) ;
#1520 = ORIENTED_EDGE ( 'NONE', *, *, #1262, .F. ) ;
#1521 = EDGE_LOOP ( 'NONE', ( #814, #258, #1266, #412 ) ) ;
#1522 = FACE_BOUND ( 'NONE', #813, .T. ) ;
#1523 = ORIENTED_EDGE ( 'NONE', *, *, #824, .F. ) ;
#1524 = ORIENTED_EDGE ( 'NONE', *, *, #341, .F. ) ;
#1525 = LINE ( 'NONE', #157, #920 ) ;
#1526 = EDGE_CURVE ( 'NONE', #185, #1532, #1182, .T. ) ;
#1527 = DIRECTION ( 'NONE',  ( 0.000000000000000000, -0.000000000000000000, -1.000000000000000000 ) ) ;
#1528 = EDGE_LOOP ( 'NONE', ( #673, #1497, #1157, #312 ) ) ;
#1529 = AXIS2_PLACEMENT_3D ( 'NONE', #87, #1449, #1082 ) ;
#1530 = FACE_BOUND ( 'NONE', #684, .T. ) ;
#1531 = ORIENTED_EDGE ( 'NONE', *, *, #109, .F. ) ;
#1532 = VERTEX_POINT ( 'NONE', #209 ) ;
#1533 = AXIS2_PLACEMENT_3D ( 'NONE', #268, #1253, #1244 ) ;
#1534 = ADVANCED_FACE ( 'NONE', ( #1559 ), #335, .T. ) ;
#1535 = EDGE_CURVE ( 'NONE', #322, #405, #569, .T. ) ;
#1536 = CARTESIAN_POINT ( 'NONE',  ( -36.00000000000001421, -48.99999999999998579, 0.000000000000000000 ) ) ;
#1537 = DIRECTION ( 'NONE',  ( 0.000000000000000000, -0.000000000000000000, -1.000000000000000000 ) ) ;
#1538 = VECTOR ( 'NONE', #1014, 1000.000000000000000 ) ;
#1539 = CYLINDRICAL_SURFACE ( 'NONE', #1441, 5.000000000000004441 ) ;
#1540 = ORIENTED_EDGE ( 'NONE', *, *, #501, .T. ) ;
#1541 = ORIENTED_EDGE ( 'NONE', *, *, #488, .T. ) ;
#1542 = DIRECTION ( 'NONE',  ( 0.000000000000000000, -0.000000000000000000, -1.000000000000000000 ) ) ;
#1543 = CYLINDRICAL_SURFACE ( 'NONE', #941, 1.500000000000001332 ) ;
#1544 = DIRECTION ( 'NONE',  ( -1.000000000000000000, 0.000000000000000000, -0.000000000000000000 ) ) ;
#1545 = DIRECTION ( 'NONE',  ( -1.000000000000000000, 0.000000000000000000, 0.000000000000000000 ) ) ;
#1546 = ORIENTED_EDGE ( 'NONE', *, *, #744, .T. ) ;
#1547 = VERTEX_POINT ( 'NONE', #1429 ) ;
#1548 = CARTESIAN_POINT ( 'NONE',  ( -97.00000000000001421, 48.99999999999999289, 3.500000000000000000 ) ) ;
#1549 = EDGE_CURVE ( 'NONE', #1179, #1285, #1083, .T. ) ;
#1550 = DIRECTION ( 'NONE',  ( 1.000000000000000000, 0.000000000000000000, 0.000000000000000000 ) ) ;
#1551 = DIRECTION ( 'NONE',  ( 1.000000000000000000, 0.000000000000000000, 0.000000000000000000 ) ) ;
#1552 = VECTOR ( 'NONE', #677, 1000.000000000000000 ) ;
#1553 = ORIENTED_EDGE ( 'NONE', *, *, #597, .T. ) ;
#1554 = CIRCLE ( 'NONE', #1269, 10.00000000000000178 ) ;
#1555 = VERTEX_POINT ( 'NONE', #97 ) ;
#1556 = AXIS2_PLACEMENT_3D ( 'NONE', #1292, #1518, #771 ) ;
#1557 = VECTOR ( 'NONE', #132, 1000.000000000000000 ) ;
#1558 = CARTESIAN_POINT ( 'NONE',  ( 24.99999999999998579, 48.99999999999999289, 3.500000000000000000 ) ) ;
#1559 = FACE_OUTER_BOUND ( 'NONE', #437, .T. ) ;
#1560 = LINE ( 'NONE', #706, #738 ) ;
#1561 = ORIENTED_EDGE ( 'NONE', *, *, #181, .F. ) ;
#1562 = AXIS2_PLACEMENT_3D ( 'NONE', #204, #88, #1550 ) ;
#1563 = VERTEX_POINT ( 'NONE', #587 ) ;
#1564 = FACE_OUTER_BOUND ( 'NONE', #580, .T. ) ;
#1565 = CYLINDRICAL_SURFACE ( 'NONE', #1416, 4.999999999999997335 ) ;
#1566 = DIRECTION ( 'NONE',  ( 0.000000000000000000, 0.000000000000000000, 1.000000000000000000 ) ) ;
#1567 = ORIENTED_EDGE ( 'NONE', *, *, #178, .T. ) ;
#1568 = CARTESIAN_POINT ( 'NONE',  ( -84.99999999999998579, 59.00000000000000000, 23.50000000000000000 ) ) ;
#1569 = ADVANCED_FACE ( 'NONE', ( #1076 ), #1565, .T. ) ;
#1570 = CARTESIAN_POINT ( 'NONE',  ( 11.49999999999999289, 20.00000000000000355, 0.000000000000000000 ) ) ;
#1571 = CARTESIAN_POINT ( 'NONE',  ( 9.999999999999998224, -48.99999999999998579, -5.000000000000000000 ) ) ;
#1572 = DIRECTION ( 'NONE',  ( -0.000000000000000000, -0.000000000000000000, 1.000000000000000000 ) ) ;
#1573 = ORIENTED_EDGE ( 'NONE', *, *, #1207, .T. ) ;
#1574 = FACE_OUTER_BOUND ( 'NONE', #980, .T. ) ;
#1575 = CIRCLE ( 'NONE', #601, 1.500000000000001332 ) ;
#1576 = EDGE_CURVE ( 'NONE', #716, #913, #494, .T. ) ;
#1577 = CIRCLE ( 'NONE', #115, 2.000000000000001776 ) ;
#1578 = CARTESIAN_POINT ( 'NONE',  ( -46.00000000000000711, -48.99999999999998579, 0.000000000000000000 ) ) ;
#1579 = CIRCLE ( 'NONE', #200, 1.500000000000001332 ) ;
#1580 = DIRECTION ( 'NONE',  ( 1.000000000000000000, 0.000000000000000000, 0.000000000000000000 ) ) ;
#1581 = ORIENTED_EDGE ( 'NONE', *, *, #1239, .T. ) ;
#1582 = FACE_OUTER_BOUND ( 'NONE', #1073, .T. ) ;
#1583 = AXIS2_PLACEMENT_3D ( 'NONE', #841, #834, #726 ) ;
#1584 = DIRECTION ( 'NONE',  ( -0.000000000000000000, 0.000000000000000000, 1.000000000000000000 ) ) ;
#1585 = EDGE_CURVE ( 'NONE', #807, #595, #17, .T. ) ;
#1586 =( LENGTH_UNIT ( ) NAMED_UNIT ( * ) SI_UNIT ( .MILLI., .METRE. ) );
#1587 = DIRECTION ( 'NONE',  ( 1.000000000000000000, 0.000000000000000000, 0.000000000000000000 ) ) ;
#1588 = ORIENTED_EDGE ( 'NONE', *, *, #1001, .T. ) ;
#1589 = ADVANCED_FACE ( 'NONE', ( #249 ), #995, .T. ) ;
#1590 = FACE_OUTER_BOUND ( 'NONE', #1528, .T. ) ;
#1591 = FACE_OUTER_BOUND ( 'NONE', #553, .T. ) ;
#1592 = EDGE_CURVE ( 'NONE', #1012, #421, #1248, .T. ) ;
#1593 = CIRCLE ( 'NONE', #856, 2.000000000000001776 ) ;
#1594 = DIRECTION ( 'NONE',  ( -1.000000000000000000, 0.000000000000000000, 0.000000000000000000 ) ) ;
ENDSEC;
END-ISO-10303-21;
