ISO-10303-21;
HEADER;
FILE_DESCRIPTION (( 'STEP AP214' ),
    '1' );
FILE_NAME ('支座.STEP',
    '2026-08-30T16:07:59',
    ( '' ),
    ( '' ),
    'SwSTEP 2.0',
    'SolidWorks 2022',
    '' );
FILE_SCHEMA (( 'AUTOMOTIVE_DESIGN' ));
ENDSEC;

DATA;
#1 = EDGE_LOOP ( 'NONE', ( #763, #1473, #657, #1426 ) ) ;
#2 = DIRECTION ( 'NONE',  ( -0.000000000000000000, -1.000000000000000000, -1.746201397408411042E-19 ) ) ;
#3 = ORIENTED_EDGE ( 'NONE', *, *, #1670, .T. ) ;
#4 = ADVANCED_FACE ( 'NONE', ( #1700 ), #256, .F. ) ;
#5 = ADVANCED_FACE ( 'NONE', ( #647 ), #15, .F. ) ;
#6 = CARTESIAN_POINT ( 'NONE',  ( -4.500000000000000000, -28.99999999999998934, 60.00000000000000000 ) ) ;
#7 = ORIENTED_EDGE ( 'NONE', *, *, #1670, .F. ) ;
#8 = CARTESIAN_POINT ( 'NONE',  ( 1.500000000000000222, 15.40954544295055584, 37.25954544295044002 ) ) ;
#9 = VERTEX_POINT ( 'NONE', #118 ) ;
#10 = CYLINDRICAL_SURFACE ( 'NONE', #1287, 1.650000000000005684 ) ;
#11 = CARTESIAN_POINT ( 'NONE',  ( -1.499999999999999556, 6.500000000000015987, 26.00000000000000000 ) ) ;
#12 = ORIENTED_EDGE ( 'NONE', *, *, #1189, .T. ) ;
#13 = DIRECTION ( 'NONE',  ( 0.000000000000000000, 1.000000000000000000, 0.000000000000000000 ) ) ;
#14 = ORIENTED_EDGE ( 'NONE', *, *, #825, .F. ) ;
#15 = CYLINDRICAL_SURFACE ( 'NONE', #522, 3.000000000000000000 ) ;
#16 = AXIS2_PLACEMENT_3D ( 'NONE', #1621, #272, #533 ) ;
#17 = ORIENTED_EDGE ( 'NONE', *, *, #825, .T. ) ;
#18 = CARTESIAN_POINT ( 'NONE',  ( 9.999999999999996447, -31.99999999999997158, 8.499999999999989342 ) ) ;
#19 = DIRECTION ( 'NONE',  ( 1.000000000000000000, -0.000000000000000000, -0.000000000000000000 ) ) ;
#20 = ORIENTED_EDGE ( 'NONE', *, *, #594, .F. ) ;
#21 = LINE ( 'NONE', #682, #154 ) ;
#22 = ORIENTED_EDGE ( 'NONE', *, *, #1445, .T. ) ;
#23 = CARTESIAN_POINT ( 'NONE',  ( 8.500000000000000000, -6.049999999999985612, 28.34999999999999787 ) ) ;
#24 = LINE ( 'NONE', #1083, #1436 ) ;
#25 = VECTOR ( 'NONE', #922, 1000.000000000000000 ) ;
#26 = DIRECTION ( 'NONE',  ( 0.000000000000000000, 0.000000000000000000, -1.000000000000000000 ) ) ;
#27 = ORIENTED_EDGE ( 'NONE', *, *, #963, .F. ) ;
#28 = CARTESIAN_POINT ( 'NONE',  ( 0.000000000000000000, 25.00000000000001421, 60.00000000000000000 ) ) ;
#29 = ORIENTED_EDGE ( 'NONE', *, *, #1135, .T. ) ;
#30 = CARTESIAN_POINT ( 'NONE',  ( -1.499999999999999778, 19.05000000000001847, 28.34999999999999787 ) ) ;
#31 = EDGE_CURVE ( 'NONE', #238, #115, #1042, .T. ) ;
#32 = FACE_BOUND ( 'NONE', #429, .T. ) ;
#33 = PRODUCT_DEFINITION_CONTEXT ( 'detailed design', #1328, 'design' ) ;
#34 = DIRECTION ( 'NONE',  ( 0.000000000000000000, 0.000000000000000000, -1.000000000000000000 ) ) ;
#35 = DIRECTION ( 'NONE',  ( 0.000000000000000000, 0.000000000000000000, -1.000000000000000000 ) ) ;
#36 = ADVANCED_FACE ( 'NONE', ( #808 ), #660, .F. ) ;
#37 = VERTEX_POINT ( 'NONE', #541 ) ;
#38 = PRODUCT_DEFINITION_SHAPE ( 'NONE', 'NONE',  #1535 ) ;
#39 = ADVANCED_FACE ( 'NONE', ( #1052 ), #1283, .F. ) ;
#40 = CARTESIAN_POINT ( 'NONE',  ( 9.999999999999996447, -31.99999999999997158, 51.50000000000000711 ) ) ;
#41 = CARTESIAN_POINT ( 'NONE',  ( -4.500000000000000888, -31.99999999999998579, 0.000000000000000000 ) ) ;
#42 = FACE_OUTER_BOUND ( 'NONE', #1204, .T. ) ;
#43 = EDGE_CURVE ( 'NONE', #523, #177, #218, .T. ) ;
#44 = CARTESIAN_POINT ( 'NONE',  ( -1.499999999999999778, 19.05000000000001847, 31.64999999999999858 ) ) ;
#45 = VERTEX_POINT ( 'NONE', #399 ) ;
#46 = VECTOR ( 'NONE', #312, 1000.000000000000000 ) ;
#47 = LINE ( 'NONE', #23, #1244 ) ;
#48 = LINE ( 'NONE', #1373, #54 ) ;
#49 = CIRCLE ( 'NONE', #1237, 3.000000000000000000 ) ;
#50 = DIRECTION ( 'NONE',  ( 1.000000000000000000, 0.000000000000000000, -0.000000000000000000 ) ) ;
#51 = ORIENTED_EDGE ( 'NONE', *, *, #509, .F. ) ;
#52 = CARTESIAN_POINT ( 'NONE',  ( 1.500000000000000222, 15.40954544295056472, 21.09045455704954719 ) ) ;
#53 = EDGE_LOOP ( 'NONE', ( #809, #1471 ) ) ;
#54 = VECTOR ( 'NONE', #468, 1000.000000000000000 ) ;
#55 = CARTESIAN_POINT ( 'NONE',  ( 9.999999999999996447, -31.99999999999997158, 8.499999999999989342 ) ) ;
#56 = AXIS2_PLACEMENT_3D ( 'NONE', #1268, #764, #104 ) ;
#57 = ORIENTED_EDGE ( 'NONE', *, *, #407, .F. ) ;
#58 = AXIS2_PLACEMENT_3D ( 'NONE', #567, #152, #323 ) ;
#59 = DIRECTION ( 'NONE',  ( -0.000000000000000000, 0.000000000000000000, -1.000000000000000000 ) ) ;
#60 = LINE ( 'NONE', #460, #178 ) ;
#61 = CARTESIAN_POINT ( 'NONE',  ( -4.500000000000000888, -31.99999999999998579, 0.000000000000000000 ) ) ;
#62 = ORIENTED_EDGE ( 'NONE', *, *, #1079, .T. ) ;
#63 = ORIENTED_EDGE ( 'NONE', *, *, #1275, .F. ) ;
#64 = LINE ( 'NONE', #1119, #1112 ) ;
#65 = DIRECTION ( 'NONE',  ( 0.000000000000000000, 0.000000000000000000, 1.000000000000000000 ) ) ;
#66 = EDGE_LOOP ( 'NONE', ( #273, #1111, #1651, #1176 ) ) ;
#67 = DIRECTION ( 'NONE',  ( -0.000000000000000000, -1.000000000000000000, -1.746201397408411042E-19 ) ) ;
#68 = DIRECTION ( 'NONE',  ( 0.000000000000000000, 0.000000000000000000, -1.000000000000000000 ) ) ;
#69 = DIRECTION ( 'NONE',  ( -0.000000000000000000, 0.000000000000000000, 1.000000000000000000 ) ) ;
#70 = AXIS2_PLACEMENT_3D ( 'NONE', #52, #320, #184 ) ;
#71 = ADVANCED_FACE ( 'NONE', ( #673 ), #929, .T. ) ;
#72 = DIRECTION ( 'NONE',  ( 1.000000000000000000, 0.000000000000000000, 0.000000000000000000 ) ) ;
#73 = DIRECTION ( 'NONE',  ( -0.000000000000000000, -0.000000000000000000, 1.000000000000000000 ) ) ;
#74 = ORIENTED_EDGE ( 'NONE', *, *, #575, .T. ) ;
#75 = DIRECTION ( 'NONE',  ( -1.000000000000000000, 0.000000000000000000, 0.000000000000000000 ) ) ;
#76 = DIRECTION ( 'NONE',  ( 0.000000000000000000, 0.000000000000000000, -1.000000000000000000 ) ) ;
#77 = CARTESIAN_POINT ( 'NONE',  ( 4.500000000000000888, -28.99999999999998934, 0.000000000000000000 ) ) ;
#78 = AXIS2_PLACEMENT_3D ( 'NONE', #819, #792, #677 ) ;
#79 = DIRECTION ( 'NONE',  ( -0.000000000000000000, -0.000000000000000000, -1.000000000000000000 ) ) ;
#80 = EDGE_LOOP ( 'NONE', ( #110, #797, #1479, #371 ) ) ;
#81 = CARTESIAN_POINT ( 'NONE',  ( -16.50100000000000122, -2.409545442950532745, 21.09045455704954719 ) ) ;
#82 = DIRECTION ( 'NONE',  ( -1.000000000000000000, 0.000000000000000000, 0.000000000000000000 ) ) ;
#83 = FACE_OUTER_BOUND ( 'NONE', #698, .T. ) ;
#84 = VECTOR ( 'NONE', #662, 1000.000000000000000 ) ;
#85 = ADVANCED_FACE ( 'NONE', ( #266 ), #1073, .T. ) ;
#86 = VECTOR ( 'NONE', #670, 1000.000000000000000 ) ;
#87 = FACE_BOUND ( 'NONE', #565, .T. ) ;
#88 = ORIENTED_EDGE ( 'NONE', *, *, #1316, .T. ) ;
#89 = CARTESIAN_POINT ( 'NONE',  ( -6.500000000000000888, -34.99999999999999289, 10.00000000000000000 ) ) ;
#90 = CARTESIAN_POINT ( 'NONE',  ( 1.500000000000000222, -2.409545442950532745, 21.09045455704954719 ) ) ;
#91 = EDGE_CURVE ( 'NONE', #1351, #626, #879, .T. ) ;
#92 = EDGE_CURVE ( 'NONE', #1356, #626, #1609, .T. ) ;
#93 = AXIS2_PLACEMENT_3D ( 'NONE', #1093, #421, #571 ) ;
#94 = DIRECTION ( 'NONE',  ( 0.000000000000000000, -0.000000000000000000, -1.000000000000000000 ) ) ;
#95 = ORIENTED_EDGE ( 'NONE', *, *, #1259, .F. ) ;
#96 = DIRECTION ( 'NONE',  ( 0.000000000000000000, 0.000000000000000000, -1.000000000000000000 ) ) ;
#97 = DIRECTION ( 'NONE',  ( 1.000000000000000000, 0.000000000000000000, 0.000000000000000000 ) ) ;
#98 = ADVANCED_FACE ( 'NONE', ( #1158 ), #683, .T. ) ;
#99 = CARTESIAN_POINT ( 'NONE',  ( 16.50000000000000000, -31.99999999999998579, 0.000000000000000000 ) ) ;
#100 = ORIENTED_EDGE ( 'NONE', *, *, #1014, .F. ) ;
#101 = DIRECTION ( 'NONE',  ( 1.000000000000000000, -0.000000000000000000, -0.000000000000000000 ) ) ;
#102 = ORIENTED_EDGE ( 'NONE', *, *, #117, .F. ) ;
#103 = CARTESIAN_POINT ( 'NONE',  ( 1.500000000000000222, 15.40954544295056472, 21.09045455704954719 ) ) ;
#104 = DIRECTION ( 'NONE',  ( 0.000000000000000000, 0.000000000000000000, 1.000000000000000000 ) ) ;
#105 = CYLINDRICAL_SURFACE ( 'NONE', #1129, 3.000000000000000000 ) ;
#106 = CIRCLE ( 'NONE', #680, 3.000000000000000000 ) ;
#107 = VERTEX_POINT ( 'NONE', #949 ) ;
#108 = ORIENTED_EDGE ( 'NONE', *, *, #1702, .F. ) ;
#109 = EDGE_LOOP ( 'NONE', ( #1188, #593, #390, #12 ) ) ;
#110 = ORIENTED_EDGE ( 'NONE', *, *, #277, .F. ) ;
#111 = CARTESIAN_POINT ( 'NONE',  ( 9.999999999999996447, -31.99999999999997158, 9.999999999999991118 ) ) ;
#112 = VERTEX_POINT ( 'NONE', #577 ) ;
#113 = DIRECTION ( 'NONE',  ( 0.000000000000000000, 0.000000000000000000, 1.000000000000000000 ) ) ;
#114 = VERTEX_POINT ( 'NONE', #40 ) ;
#115 = VERTEX_POINT ( 'NONE', #1482 ) ;
#116 = ORIENTED_EDGE ( 'NONE', *, *, #1043, .F. ) ;
#117 = EDGE_CURVE ( 'NONE', #1239, #1448, #643, .T. ) ;
#118 = CARTESIAN_POINT ( 'NONE',  ( -9.999999999999996447, -34.99999999999997868, 51.50000000000000711 ) ) ;
#119 = VERTEX_POINT ( 'NONE', #162 ) ;
#120 = CIRCLE ( 'NONE', #878, 10.00000000000000178 ) ;
#121 = ORIENTED_EDGE ( 'NONE', *, *, #525, .F. ) ;
#122 = DIRECTION ( 'NONE',  ( 0.000000000000000000, 1.000000000000000000, 0.000000000000000000 ) ) ;
#123 = EDGE_CURVE ( 'NONE', #1095, #778, #814, .T. ) ;
#124 = PLANE ( 'NONE',  #630 ) ;
#125 = ORIENTED_EDGE ( 'NONE', *, *, #747, .F. ) ;
#126 = CARTESIAN_POINT ( 'NONE',  ( -1.499999999999999556, -2.409545442950532745, 22.74045455704954222 ) ) ;
#127 = ADVANCED_FACE ( 'NONE', ( #1081 ), #426, .T. ) ;
#128 = ORIENTED_EDGE ( 'NONE', *, *, #230, .T. ) ;
#129 = AXIS2_PLACEMENT_3D ( 'NONE', #246, #1465, #1334 ) ;
#130 = AXIS2_PLACEMENT_3D ( 'NONE', #1419, #339, #65 ) ;
#131 = EDGE_LOOP ( 'NONE', ( #1437, #1182, #933, #467 ) ) ;
#132 = ORIENTED_EDGE ( 'NONE', *, *, #806, .T. ) ;
#133 = ORIENTED_EDGE ( 'NONE', *, *, #497, .F. ) ;
#134 = DIRECTION ( 'NONE',  ( 0.8823529411764705621, 0.4705882352941176405, 0.000000000000000000 ) ) ;
#135 = DIRECTION ( 'NONE',  ( 0.000000000000000000, 0.000000000000000000, -1.000000000000000000 ) ) ;
#136 = EDGE_LOOP ( 'NONE', ( #304, #193, #1128, #936 ) ) ;
#137 = DIRECTION ( 'NONE',  ( 1.000000000000000000, -0.000000000000000000, -0.000000000000000000 ) ) ;
#138 = EDGE_LOOP ( 'NONE', ( #391, #1686, #915, #636 ) ) ;
#139 = CIRCLE ( 'NONE', #641, 4.000000000000000000 ) ;
#140 = AXIS2_PLACEMENT_3D ( 'NONE', #717, #597, #465 ) ;
#141 = ORIENTED_EDGE ( 'NONE', *, *, #1043, .T. ) ;
#142 = DIRECTION ( 'NONE',  ( 1.000000000000000000, -0.000000000000000000, -0.000000000000000000 ) ) ;
#143 = CYLINDRICAL_SURFACE ( 'NONE', #1061, 1.650000000000019451 ) ;
#144 = ORIENTED_EDGE ( 'NONE', *, *, #1018, .F. ) ;
#145 = DIRECTION ( 'NONE',  ( 0.000000000000000000, 0.000000000000000000, -1.000000000000000000 ) ) ;
#146 = CARTESIAN_POINT ( 'NONE',  ( 1.500000000000000222, 35.00000000000001421, 60.00000000000000000 ) ) ;
#147 = EDGE_LOOP ( 'NONE', ( #62, #674, #1179, #900, #144, #1234, #1208, #1296 ) ) ;
#148 = DIRECTION ( 'NONE',  ( -0.000000000000000000, -1.000000000000000000, -0.000000000000000000 ) ) ;
#149 = ADVANCED_FACE ( 'NONE', ( #1362, #559 ), #1230, .T. ) ;
#150 = VERTEX_POINT ( 'NONE', #292 ) ;
#151 = EDGE_CURVE ( 'NONE', #774, #107, #1211, .T. ) ;
#152 = DIRECTION ( 'NONE',  ( -1.000000000000000000, -0.000000000000000000, -0.000000000000000000 ) ) ;
#153 = DIRECTION ( 'NONE',  ( -0.4705882352941175850, 0.8823529411764706731, 0.000000000000000000 ) ) ;
#154 = VECTOR ( 'NONE', #1487, 1000.000000000000000 ) ;
#155 = EDGE_CURVE ( 'NONE', #816, #214, #1218, .T. ) ;
#156 = UNCERTAINTY_MEASURE_WITH_UNIT (LENGTH_MEASURE( 1.000000000000000082E-05 ), #207, 'distance_accuracy_value', 'NONE');
#157 = CARTESIAN_POINT ( 'NONE',  ( -1.499999999999999556, 15.40954544295056472, 21.09045455704954719 ) ) ;
#158 = VERTEX_POINT ( 'NONE', #30 ) ;
#159 = CARTESIAN_POINT ( 'NONE',  ( -16.50000000000000000, -31.99999999999998579, 0.000000000000000000 ) ) ;
#160 = ORIENTED_EDGE ( 'NONE', *, *, #709, .F. ) ;
#161 = EDGE_CURVE ( 'NONE', #1608, #1622, #834, .T. ) ;
#162 = CARTESIAN_POINT ( 'NONE',  ( 1.500000000000000222, -28.99999999999998934, 60.00000000000000000 ) ) ;
#163 = EDGE_CURVE ( 'NONE', #1432, #1345, #506, .T. ) ;
#164 = DIRECTION ( 'NONE',  ( 0.000000000000000000, 0.000000000000000000, 1.000000000000000000 ) ) ;
#165 = AXIS2_PLACEMENT_3D ( 'NONE', #1683, #1690, #1289 ) ;
#166 = DIRECTION ( 'NONE',  ( -1.000000000000000000, -0.000000000000000000, -0.000000000000000000 ) ) ;
#167 = ORIENTED_EDGE ( 'NONE', *, *, #382, .T. ) ;
#168 = CARTESIAN_POINT ( 'NONE',  ( -1.499999999999999556, 6.500000000000016875, 33.99999999999999289 ) ) ;
#169 = ORIENTED_EDGE ( 'NONE', *, *, #769, .T. ) ;
#170 = SHAPE_DEFINITION_REPRESENTATION ( #38, #275 ) ;
#171 = CARTESIAN_POINT ( 'NONE',  ( 16.50000000000000000, -31.99999999999998579, 42.49999999999999289 ) ) ;
#172 = EDGE_CURVE ( 'NONE', #791, #1196, #47, .T. ) ;
#173 = FACE_BOUND ( 'NONE', #1137, .T. ) ;
#174 = LINE ( 'NONE', #1674, #1678 ) ;
#175 = MECHANICAL_DESIGN_GEOMETRIC_PRESENTATION_REPRESENTATION (  '', ( #1298 ), #255 ) ;
#176 = CARTESIAN_POINT ( 'NONE',  ( 16.50000000000000000, 0.000000000000000000, 0.000000000000000000 ) ) ;
#177 = VERTEX_POINT ( 'NONE', #1091 ) ;
#178 = VECTOR ( 'NONE', #1132, 1000.000000000000000 ) ;
#179 = DIRECTION ( 'NONE',  ( 1.000000000000000000, 0.000000000000000000, 0.000000000000000000 ) ) ;
#180 = DIRECTION ( 'NONE',  ( 0.000000000000000000, -1.000000000000000000, 1.746201397408411042E-19 ) ) ;
#181 = LINE ( 'NONE', #452, #835 ) ;
#182 = CARTESIAN_POINT ( 'NONE',  ( 16.50000000000000000, -31.99999999999998579, 17.49999999999999645 ) ) ;
#183 = CIRCLE ( 'NONE', #16, 10.00000000000000000 ) ;
#184 = DIRECTION ( 'NONE',  ( 0.000000000000000000, 0.000000000000000000, 1.000000000000000000 ) ) ;
#185 = VERTEX_POINT ( 'NONE', #171 ) ;
#186 = AXIS2_PLACEMENT_3D ( 'NONE', #1542, #745, #1154 ) ;
#187 = EDGE_CURVE ( 'NONE', #1159, #685, #1476, .T. ) ;
#188 = EDGE_CURVE ( 'NONE', #422, #519, #976, .T. ) ;
#189 = FACE_OUTER_BOUND ( 'NONE', #1383, .T. ) ;
#190 = CARTESIAN_POINT ( 'NONE',  ( 1.500000000000000444, -28.99999999999998934, 42.49999999999999289 ) ) ;
#191 = FACE_OUTER_BOUND ( 'NONE', #961, .T. ) ;
#192 = DIRECTION ( 'NONE',  ( 0.000000000000000000, 0.000000000000000000, 1.000000000000000000 ) ) ;
#193 = ORIENTED_EDGE ( 'NONE', *, *, #963, .T. ) ;
#194 = LINE ( 'NONE', #1385, #361 ) ;
#195 = CIRCLE ( 'NONE', #1027, 10.00000000000000178 ) ;
#196 = CYLINDRICAL_SURFACE ( 'NONE', #974, 1.500000000000001332 ) ;
#197 = ORIENTED_EDGE ( 'NONE', *, *, #1394, .T. ) ;
#198 = AXIS2_PLACEMENT_3D ( 'NONE', #1500, #300, #1507 ) ;
#199 = DIRECTION ( 'NONE',  ( 0.000000000000000000, 0.000000000000000000, -1.000000000000000000 ) ) ;
#200 = FACE_OUTER_BOUND ( 'NONE', #1561, .T. ) ;
#201 = CARTESIAN_POINT ( 'NONE',  ( -16.50000000000000000, -31.99999999999998579, 0.000000000000000000 ) ) ;
#202 = ADVANCED_FACE ( 'NONE', ( #189 ), #1491, .F. ) ;
#203 = DIRECTION ( 'NONE',  ( 0.000000000000000000, 1.000000000000000000, 0.000000000000000000 ) ) ;
#204 = PRODUCT_RELATED_PRODUCT_CATEGORY ( 'part', '', ( #436 ) ) ;
#205 = CARTESIAN_POINT ( 'NONE',  ( -1.500000000000000888, -31.99999999999998579, 42.49999999999999289 ) ) ;
#206 = VERTEX_POINT ( 'NONE', #707 ) ;
#207 =( LENGTH_UNIT ( ) NAMED_UNIT ( * ) SI_UNIT ( .MILLI., .METRE. ) );
#208 = CARTESIAN_POINT ( 'NONE',  ( -1.499999999999999556, 15.40954544295055584, 40.55954544295047981 ) ) ;
#209 = CARTESIAN_POINT ( 'NONE',  ( -16.50100000000000122, 6.500000000000015987, 30.00000000000000000 ) ) ;
#210 = CIRCLE ( 'NONE', #186, 1.649999999999995248 ) ;
#211 = CARTESIAN_POINT ( 'NONE',  ( 8.500000000000000000, 19.05000000000001847, 30.00000000000000000 ) ) ;
#212 = EDGE_CURVE ( 'NONE', #583, #1257, #725, .T. ) ;
#213 = CARTESIAN_POINT ( 'NONE',  ( -16.50100000000000122, 15.40954544295055584, 40.55954544295047981 ) ) ;
#214 = VERTEX_POINT ( 'NONE', #1238 ) ;
#215 = DIRECTION ( 'NONE',  ( -0.000000000000000000, -1.000000000000000000, -0.000000000000000000 ) ) ;
#216 = EDGE_CURVE ( 'NONE', #1481, #1078, #1371, .T. ) ;
#217 = CARTESIAN_POINT ( 'NONE',  ( -6.500000000000000888, -31.99999999999998579, 49.99999999999999289 ) ) ;
#218 = CIRCLE ( 'NONE', #1177, 1.650000000000012568 ) ;
#219 = CARTESIAN_POINT ( 'NONE',  ( 4.500000000000000888, -31.99999999999998579, 60.00000000000000000 ) ) ;
#220 = CIRCLE ( 'NONE', #1544, 1.500000000000001332 ) ;
#221 = EDGE_CURVE ( 'NONE', #1584, #1405, #953, .T. ) ;
#222 = AXIS2_PLACEMENT_3D ( 'NONE', #913, #324, #837 ) ;
#223 = DIRECTION ( 'NONE',  ( 0.000000000000000000, -1.000000000000000000, 0.000000000000000000 ) ) ;
#224 = ORIENTED_EDGE ( 'NONE', *, *, #345, .F. ) ;
#225 = DIRECTION ( 'NONE',  ( -0.000000000000000000, -1.000000000000000000, 1.746201397408411042E-19 ) ) ;
#226 = EDGE_CURVE ( 'NONE', #1713, #503, #64, .T. ) ;
#227 = DIRECTION ( 'NONE',  ( 0.000000000000000000, 0.000000000000000000, -1.000000000000000000 ) ) ;
#228 = AXIS2_PLACEMENT_3D ( 'NONE', #1427, #743, #1152 ) ;
#229 = CARTESIAN_POINT ( 'NONE',  ( 9.999999999999996447, -34.99999999999997868, 9.999999999999991118 ) ) ;
#230 = EDGE_CURVE ( 'NONE', #793, #688, #1253, .T. ) ;
#231 = VECTOR ( 'NONE', #1521, 1000.000000000000000 ) ;
#232 = CARTESIAN_POINT ( 'NONE',  ( -9.999999999999996447, -31.99999999999997158, 9.999999999999991118 ) ) ;
#233 = EDGE_LOOP ( 'NONE', ( #1161, #515, #558, #88 ) ) ;
#234 = DIRECTION ( 'NONE',  ( -0.000000000000000000, -1.000000000000000000, -0.000000000000000000 ) ) ;
#235 = DIRECTION ( 'NONE',  ( 0.000000000000000000, 0.000000000000000000, 1.000000000000000000 ) ) ;
#236 = CARTESIAN_POINT ( 'NONE',  ( 9.999999999999996447, -31.99999999999997158, 48.50000000000000000 ) ) ;
#237 = VECTOR ( 'NONE', #19, 1000.000000000000000 ) ;
#238 = VERTEX_POINT ( 'NONE', #994 ) ;
#239 = ORIENTED_EDGE ( 'NONE', *, *, #188, .T. ) ;
#240 = DIRECTION ( 'NONE',  ( 0.000000000000000000, 0.000000000000000000, 1.000000000000000000 ) ) ;
#241 = DIRECTION ( 'NONE',  ( -0.000000000000000000, -1.000000000000000000, -0.000000000000000000 ) ) ;
#242 = CARTESIAN_POINT ( 'NONE',  ( -1.499999999999999556, -2.409545442950527860, 40.55954544295046560 ) ) ;
#243 = ORIENTED_EDGE ( 'NONE', *, *, #163, .T. ) ;
#244 = ORIENTED_EDGE ( 'NONE', *, *, #1079, .F. ) ;
#245 = AXIS2_PLACEMENT_3D ( 'NONE', #801, #122, #113 ) ;
#246 = CARTESIAN_POINT ( 'NONE',  ( 1.500000000000000222, 15.40954544295055584, 38.90954544295045991 ) ) ;
#247 = ORIENTED_EDGE ( 'NONE', *, *, #1267, .F. ) ;
#248 = DIRECTION ( 'NONE',  ( 0.000000000000000000, 0.000000000000000000, 1.000000000000000000 ) ) ;
#249 = ORIENTED_EDGE ( 'NONE', *, *, #91, .T. ) ;
#250 = CARTESIAN_POINT ( 'NONE',  ( -6.500000000000000888, -34.99999999999999289, 60.00000000000000000 ) ) ;
#251 = VECTOR ( 'NONE', #1278, 1000.000000000000000 ) ;
#252 = ORIENTED_EDGE ( 'NONE', *, *, #1677, .T. ) ;
#253 = ORIENTED_EDGE ( 'NONE', *, *, #1691, .T. ) ;
#254 = EDGE_CURVE ( 'NONE', #476, #1163, #1523, .T. ) ;
#255 =( GEOMETRIC_REPRESENTATION_CONTEXT ( 3 ) GLOBAL_UNCERTAINTY_ASSIGNED_CONTEXT ( ( #1194 ) ) GLOBAL_UNIT_ASSIGNED_CONTEXT ( ( #350, #403, #675 ) ) REPRESENTATION_CONTEXT ( 'NONE', 'WORKASPACE' ) );
#256 = CYLINDRICAL_SURFACE ( 'NONE', #359, 1.649999999999998579 ) ;
#257 = ORIENTED_EDGE ( 'NONE', *, *, #1198, .T. ) ;
#258 = LINE ( 'NONE', #931, #1586 ) ;
#259 = EDGE_CURVE ( 'NONE', #404, #583, #1551, .T. ) ;
#260 = ORIENTED_EDGE ( 'NONE', *, *, #1165, .T. ) ;
#261 = LINE ( 'NONE', #294, #1640 ) ;
#262 = EDGE_LOOP ( 'NONE', ( #1243, #800 ) ) ;
#263 = ORIENTED_EDGE ( 'NONE', *, *, #212, .F. ) ;
#264 = DIRECTION ( 'NONE',  ( -0.000000000000000000, -0.000000000000000000, -1.000000000000000000 ) ) ;
#265 = ORIENTED_EDGE ( 'NONE', *, *, #1259, .T. ) ;
#266 = FACE_OUTER_BOUND ( 'NONE', #1516, .T. ) ;
#267 = EDGE_LOOP ( 'NONE', ( #914, #947, #108, #169, #574, #645, #1590, #356, #380, #681 ) ) ;
#268 = VECTOR ( 'NONE', #1408, 1000.000000000000000 ) ;
#269 = DIRECTION ( 'NONE',  ( -1.000000000000000000, -0.000000000000000000, -0.000000000000000000 ) ) ;
#270 = ORIENTED_EDGE ( 'NONE', *, *, #969, .T. ) ;
#271 = CARTESIAN_POINT ( 'NONE',  ( 8.500000000000000000, -6.049999999999985612, 30.00000000000000000 ) ) ;
#272 = DIRECTION ( 'NONE',  ( -0.000000000000000000, 1.000000000000000000, -0.000000000000000000 ) ) ;
#273 = ORIENTED_EDGE ( 'NONE', *, *, #716, .T. ) ;
#274 = DIRECTION ( 'NONE',  ( -1.000000000000000000, 0.000000000000000000, 0.000000000000000000 ) ) ;
#275 = ADVANCED_BREP_SHAPE_REPRESENTATION ( '\X2\652f5ea7\X0\', ( #572, #919 ), #534 ) ;
#276 = EDGE_LOOP ( 'NONE', ( #311, #1053, #1271, #980 ) ) ;
#277 = EDGE_CURVE ( 'NONE', #1034, #394, #194, .T. ) ;
#278 = VECTOR ( 'NONE', #355, 1000.000000000000000 ) ;
#279 = CARTESIAN_POINT ( 'NONE',  ( 9.999999999999996447, -34.99999999999997868, 50.00000000000000000 ) ) ;
#280 = EDGE_LOOP ( 'NONE', ( #1004, #265, #731, #942 ) ) ;
#281 = CARTESIAN_POINT ( 'NONE',  ( -1.499999999999999778, 35.00000000000001421, 10.00000000000000178 ) ) ;
#282 = AXIS2_PLACEMENT_3D ( 'NONE', #945, #1308, #285 ) ;
#283 = EDGE_CURVE ( 'NONE', #462, #1595, #669, .T. ) ;
#284 = ORIENTED_EDGE ( 'NONE', *, *, #1147, .T. ) ;
#285 = DIRECTION ( 'NONE',  ( -1.000000000000000000, 0.000000000000000000, 0.000000000000000000 ) ) ;
#286 = DIRECTION ( 'NONE',  ( 0.000000000000000000, 0.000000000000000000, 1.000000000000000000 ) ) ;
#287 = VERTEX_POINT ( 'NONE', #988 ) ;
#288 = CARTESIAN_POINT ( 'NONE',  ( -1.499999999999999778, 35.00000000000001421, 60.00000000000000000 ) ) ;
#289 = ORIENTED_EDGE ( 'NONE', *, *, #416, .F. ) ;
#290 = VECTOR ( 'NONE', #1297, 1000.000000000000000 ) ;
#291 = AXIS2_PLACEMENT_3D ( 'NONE', #700, #844, #818 ) ;
#292 = CARTESIAN_POINT ( 'NONE',  ( 1.500000000000000222, -23.99999999999998579, 17.49999999999999645 ) ) ;
#293 = EDGE_CURVE ( 'NONE', #1481, #1034, #220, .T. ) ;
#294 = CARTESIAN_POINT ( 'NONE',  ( 16.50000000000000000, -31.99999999999998579, 17.49999999999999645 ) ) ;
#295 = DIRECTION ( 'NONE',  ( -0.000000000000000000, -1.000000000000000000, 0.000000000000000000 ) ) ;
#296 = ORIENTED_EDGE ( 'NONE', *, *, #188, .F. ) ;
#297 = LINE ( 'NONE', #524, #1274 ) ;
#298 = EDGE_CURVE ( 'NONE', #1356, #794, #586, .T. ) ;
#299 = ORIENTED_EDGE ( 'NONE', *, *, #298, .F. ) ;
#300 = DIRECTION ( 'NONE',  ( 0.000000000000000000, -1.000000000000000000, 1.746201397408411042E-19 ) ) ;
#301 = CARTESIAN_POINT ( 'NONE',  ( -1.499999999999999778, -28.99999999999998934, 60.00000000000000000 ) ) ;
#302 = VECTOR ( 'NONE', #1329, 1000.000000000000000 ) ;
#303 = CARTESIAN_POINT ( 'NONE',  ( 6.500000000000000888, -34.99999999999999289, 10.00000000000000000 ) ) ;
#304 = ORIENTED_EDGE ( 'NONE', *, *, #975, .T. ) ;
#305 = DIRECTION ( 'NONE',  ( 0.000000000000000000, 0.000000000000000000, 1.000000000000000000 ) ) ;
#306 = ORIENTED_EDGE ( 'NONE', *, *, #1017, .F. ) ;
#307 = DIRECTION ( 'NONE',  ( 0.000000000000000000, 0.000000000000000000, -1.000000000000000000 ) ) ;
#308 = LINE ( 'NONE', #301, #807 ) ;
#309 = CIRCLE ( 'NONE', #916, 1.500000000000001332 ) ;
#310 = DIRECTION ( 'NONE',  ( 0.000000000000000000, 0.000000000000000000, -1.000000000000000000 ) ) ;
#311 = ORIENTED_EDGE ( 'NONE', *, *, #172, .F. ) ;
#312 = DIRECTION ( 'NONE',  ( -0.000000000000000000, -1.000000000000000000, -1.746201397408411042E-19 ) ) ;
#313 = VERTEX_POINT ( 'NONE', #872 ) ;
#314 = CIRCLE ( 'NONE', #1502, 1.500000000000001332 ) ;
#315 = CARTESIAN_POINT ( 'NONE',  ( 4.500000000000000888, -31.99999999999998579, 60.00000000000000000 ) ) ;
#316 = CARTESIAN_POINT ( 'NONE',  ( -1.499999999999999778, 19.05000000000001847, 30.00000000000000000 ) ) ;
#317 = ADVANCED_FACE ( 'NONE', ( #1669 ), #1002, .F. ) ;
#318 = DIRECTION ( 'NONE',  ( 1.000000000000000000, -0.000000000000000000, -0.000000000000000000 ) ) ;
#319 = AXIS2_PLACEMENT_3D ( 'NONE', #303, #1355, #1461 ) ;
#320 = DIRECTION ( 'NONE',  ( 1.000000000000000000, 0.000000000000000000, -0.000000000000000000 ) ) ;
#321 = ORIENTED_EDGE ( 'NONE', *, *, #1322, .T. ) ;
#322 = CIRCLE ( 'NONE', #1655, 10.00000000000000178 ) ;
#323 = DIRECTION ( 'NONE',  ( 0.000000000000000000, 0.000000000000000000, -1.000000000000000000 ) ) ;
#324 = DIRECTION ( 'NONE',  ( -1.000000000000000000, -0.000000000000000000, -0.000000000000000000 ) ) ;
#325 = LINE ( 'NONE', #1099, #231 ) ;
#326 = VECTOR ( 'NONE', #286, 1000.000000000000000 ) ;
#327 = LINE ( 'NONE', #1221, #1016 ) ;
#328 = ORIENTED_EDGE ( 'NONE', *, *, #1245, .T. ) ;
#329 = ORIENTED_EDGE ( 'NONE', *, *, #1702, .T. ) ;
#330 = DIRECTION ( 'NONE',  ( 1.000000000000000000, 0.000000000000000000, 0.000000000000000000 ) ) ;
#331 = ORIENTED_EDGE ( 'NONE', *, *, #965, .F. ) ;
#332 = CARTESIAN_POINT ( 'NONE',  ( -9.999999999999996447, -34.99999999999997868, 11.49999999999999289 ) ) ;
#333 = CYLINDRICAL_SURFACE ( 'NONE', #898, 10.00000000000000000 ) ;
#334 = FACE_OUTER_BOUND ( 'NONE', #1166, .T. ) ;
#335 = AXIS2_PLACEMENT_3D ( 'NONE', #1106, #737, #459 ) ;
#336 = ADVANCED_FACE ( 'NONE', ( #1529 ), #196, .F. ) ;
#337 = DIRECTION ( 'NONE',  ( 0.000000000000000000, 0.000000000000000000, 1.000000000000000000 ) ) ;
#338 = CIRCLE ( 'NONE', #397, 1.649999999999998579 ) ;
#339 = DIRECTION ( 'NONE',  ( -1.000000000000000000, 0.000000000000000000, 0.000000000000000000 ) ) ;
#340 = ORIENTED_EDGE ( 'NONE', *, *, #1642, .F. ) ;
#341 = CARTESIAN_POINT ( 'NONE',  ( -9.999999999999996447, -31.99999999999997158, 9.999999999999991118 ) ) ;
#342 = DIRECTION ( 'NONE',  ( 0.000000000000000000, -1.000000000000000000, -1.746201397408411042E-19 ) ) ;
#343 = CARTESIAN_POINT ( 'NONE',  ( 16.50000000000000000, -31.99999999999998579, 42.49999999999999289 ) ) ;
#344 = VECTOR ( 'NONE', #1306, 1000.000000000000000 ) ;
#345 = EDGE_CURVE ( 'NONE', #490, #313, #49, .T. ) ;
#346 = DIRECTION ( 'NONE',  ( 0.000000000000000000, 0.000000000000000000, -1.000000000000000000 ) ) ;
#347 = EDGE_CURVE ( 'NONE', #1405, #696, #1019, .T. ) ;
#348 = CARTESIAN_POINT ( 'NONE',  ( -1.499999999999999778, 35.00000000000001421, 60.00000000000000000 ) ) ;
#349 = ORIENTED_EDGE ( 'NONE', *, *, #347, .F. ) ;
#350 =( LENGTH_UNIT ( ) NAMED_UNIT ( * ) SI_UNIT ( .MILLI., .METRE. ) );
#351 = EDGE_CURVE ( 'NONE', #685, #778, #502, .T. ) ;
#352 = DIRECTION ( 'NONE',  ( -1.000000000000000000, 0.000000000000000000, 0.000000000000000000 ) ) ;
#353 = AXIS2_PLACEMENT_3D ( 'NONE', #1357, #656, #925 ) ;
#354 = EDGE_CURVE ( 'NONE', #790, #150, #1530, .T. ) ;
#355 = DIRECTION ( 'NONE',  ( -0.8823529411764705621, 0.4705882352941176405, -0.000000000000000000 ) ) ;
#356 = ORIENTED_EDGE ( 'NONE', *, *, #117, .T. ) ;
#357 = CARTESIAN_POINT ( 'NONE',  ( -16.50000000000000000, -31.99999999999998579, 0.000000000000000000 ) ) ;
#358 = CARTESIAN_POINT ( 'NONE',  ( -1.499999999999999556, -2.409545442950532745, 21.09045455704954719 ) ) ;
#359 = AXIS2_PLACEMENT_3D ( 'NONE', #1433, #510, #1175 ) ;
#360 = CYLINDRICAL_SURFACE ( 'NONE', #1711, 4.000000000000000000 ) ;
#361 = VECTOR ( 'NONE', #1246, 1000.000000000000000 ) ;
#362 = CIRCLE ( 'NONE', #245, 1.500000000000001332 ) ;
#363 = LINE ( 'NONE', #1386, #1102 ) ;
#364 = ORIENTED_EDGE ( 'NONE', *, *, #163, .F. ) ;
#365 = CYLINDRICAL_SURFACE ( 'NONE', #890, 1.500000000000001332 ) ;
#366 = VECTOR ( 'NONE', #631, 1000.000000000000000 ) ;
#367 = FACE_BOUND ( 'NONE', #1186, .T. ) ;
#368 = VECTOR ( 'NONE', #330, 1000.000000000000000 ) ;
#369 = DIRECTION ( 'NONE',  ( 0.000000000000000000, 0.000000000000000000, 1.000000000000000000 ) ) ;
#370 = DIRECTION ( 'NONE',  ( -8.131516293641283255E-17, -1.000000000000000000, 0.000000000000000000 ) ) ;
#371 = ORIENTED_EDGE ( 'NONE', *, *, #766, .T. ) ;
#372 = CARTESIAN_POINT ( 'NONE',  ( -9.999999999999996447, -31.99999999999997158, 50.00000000000000000 ) ) ;
#373 = SURFACE_SIDE_STYLE ('',( #1032 ) ) ;
#374 = ORIENTED_EDGE ( 'NONE', *, *, #1009, .T. ) ;
#375 = DIRECTION ( 'NONE',  ( 0.000000000000000000, 0.000000000000000000, 1.000000000000000000 ) ) ;
#376 = ORIENTED_EDGE ( 'NONE', *, *, #1509, .T. ) ;
#377 = ORIENTED_EDGE ( 'NONE', *, *, #1677, .F. ) ;
#378 = AXIS2_PLACEMENT_3D ( 'NONE', #176, #608, #1382 ) ;
#379 = CARTESIAN_POINT ( 'NONE',  ( 0.000000000000000000, 0.000000000000000000, 0.000000000000000000 ) ) ;
#380 = ORIENTED_EDGE ( 'NONE', *, *, #658, .F. ) ;
#381 = SURFACE_SIDE_STYLE ('',( #1490 ) ) ;
#382 = EDGE_CURVE ( 'NONE', #177, #523, #1636, .T. ) ;
#383 = LINE ( 'NONE', #1695, #1333 ) ;
#384 = ORIENTED_EDGE ( 'NONE', *, *, #538, .T. ) ;
#385 = DIRECTION ( 'NONE',  ( 0.000000000000000000, 0.000000000000000000, -1.000000000000000000 ) ) ;
#386 = EDGE_LOOP ( 'NONE', ( #496, #116, #549, #1343 ) ) ;
#387 = VERTEX_POINT ( 'NONE', #996 ) ;
#388 = CIRCLE ( 'NONE', #222, 1.649999999999995248 ) ;
#389 = DIRECTION ( 'NONE',  ( 0.000000000000000000, 0.000000000000000000, -1.000000000000000000 ) ) ;
#390 = ORIENTED_EDGE ( 'NONE', *, *, #347, .T. ) ;
#391 = ORIENTED_EDGE ( 'NONE', *, *, #851, .T. ) ;
#392 = PLANE ( 'NONE',  #282 ) ;
#393 = ORIENTED_EDGE ( 'NONE', *, *, #1309, .F. ) ;
#394 = VERTEX_POINT ( 'NONE', #866 ) ;
#395 = CARTESIAN_POINT ( 'NONE',  ( -16.50000000000000000, -34.99999999999999289, 0.000000000000000000 ) ) ;
#396 = VERTEX_POINT ( 'NONE', #1011 ) ;
#397 = AXIS2_PLACEMENT_3D ( 'NONE', #758, #75, #1022 ) ;
#398 = AXIS2_PLACEMENT_3D ( 'NONE', #943, #1467, #810 ) ;
#399 = CARTESIAN_POINT ( 'NONE',  ( 1.500000000000000222, 15.40954544295056472, 22.74045455704954222 ) ) ;
#400 = ORIENTED_EDGE ( 'NONE', *, *, #488, .T. ) ;
#401 = EDGE_CURVE ( 'NONE', #1432, #1155, #363, .T. ) ;
#402 = VECTOR ( 'NONE', #485, 1000.000000000000000 ) ;
#403 =( NAMED_UNIT ( * ) PLANE_ANGLE_UNIT ( ) SI_UNIT ( $, .RADIAN. ) );
#404 = VERTEX_POINT ( 'NONE', #1142 ) ;
#405 = CARTESIAN_POINT ( 'NONE',  ( 9.999999999999996447, -31.99999999999997158, 50.00000000000000000 ) ) ;
#406 = CARTESIAN_POINT ( 'NONE',  ( 1.500000000000000444, -6.049999999999985612, 31.65000000000000568 ) ) ;
#407 = EDGE_CURVE ( 'NONE', #107, #1196, #500, .T. ) ;
#408 = VERTEX_POINT ( 'NONE', #1685 ) ;
#409 = CARTESIAN_POINT ( 'NONE',  ( 16.50000000000000000, -31.99999999999998579, 49.99999999999999289 ) ) ;
#410 = EDGE_LOOP ( 'NONE', ( #1307, #1292 ) ) ;
#411 = ORIENTED_EDGE ( 'NONE', *, *, #1691, .F. ) ;
#412 = ADVANCED_FACE ( 'NONE', ( #87, #1003 ), #625, .F. ) ;
#413 = AXIS2_PLACEMENT_3D ( 'NONE', #157, #446, #26 ) ;
#414 = CARTESIAN_POINT ( 'NONE',  ( 6.500000000000000888, 0.000000000000000000, 10.00000000000000000 ) ) ;
#415 = ORIENTED_EDGE ( 'NONE', *, *, #1598, .F. ) ;
#416 = EDGE_CURVE ( 'NONE', #503, #1567, #1671, .T. ) ;
#417 = VECTOR ( 'NONE', #739, 1000.000000000000000 ) ;
#418 = CYLINDRICAL_SURFACE ( 'NONE', #398, 1.650000000000012568 ) ;
#419 = ORIENTED_EDGE ( 'NONE', *, *, #754, .F. ) ;
#420 = LINE ( 'NONE', #520, #1722 ) ;
#421 = DIRECTION ( 'NONE',  ( 0.000000000000000000, 0.000000000000000000, 1.000000000000000000 ) ) ;
#422 = VERTEX_POINT ( 'NONE', #1248 ) ;
#423 = LINE ( 'NONE', #1087, #1312 ) ;
#424 = ORIENTED_EDGE ( 'NONE', *, *, #151, .F. ) ;
#425 = ADVANCED_FACE ( 'NONE', ( #604 ), #1127, .T. ) ;
#426 = PLANE ( 'NONE',  #291 ) ;
#427 = PLANE ( 'NONE',  #1105 ) ;
#428 = FACE_OUTER_BOUND ( 'NONE', #508, .T. ) ;
#429 = EDGE_LOOP ( 'NONE', ( #1168, #1672 ) ) ;
#430 = DIRECTION ( 'NONE',  ( 0.000000000000000000, 0.000000000000000000, 1.000000000000000000 ) ) ;
#431 = ORIENTED_EDGE ( 'NONE', *, *, #722, .F. ) ;
#432 = VECTOR ( 'NONE', #1057, 1000.000000000000000 ) ;
#433 = VECTOR ( 'NONE', #852, 1000.000000000000000 ) ;
#434 = CARTESIAN_POINT ( 'NONE',  ( 1.500000000000000222, 25.00000000000001421, 10.00000000000000178 ) ) ;
#435 = DIRECTION ( 'NONE',  ( -1.000000000000000000, -0.000000000000000000, -0.000000000000000000 ) ) ;
#436 = PRODUCT ( '\X2\652f5ea7\X0\', '\X2\652f5ea7\X0\', '', ( #441 ) ) ;
#437 = FACE_OUTER_BOUND ( 'NONE', #136, .T. ) ;
#438 = ORIENTED_EDGE ( 'NONE', *, *, #1566, .F. ) ;
#439 = CARTESIAN_POINT ( 'NONE',  ( -9.999999999999996447, -34.99999999999997868, 50.00000000000000000 ) ) ;
#440 = ORIENTED_EDGE ( 'NONE', *, *, #1009, .F. ) ;
#441 = PRODUCT_CONTEXT ( 'NONE', #1294, 'mechanical' ) ;
#442 = DIRECTION ( 'NONE',  ( 1.000000000000000000, -0.000000000000000000, -0.000000000000000000 ) ) ;
#443 = DIRECTION ( 'NONE',  ( 0.000000000000000000, 0.000000000000000000, 1.000000000000000000 ) ) ;
#444 = VECTOR ( 'NONE', #705, 1000.000000000000000 ) ;
#445 = ADVANCED_FACE ( 'NONE', ( #475 ), #1270, .F. ) ;
#446 = DIRECTION ( 'NONE',  ( -1.000000000000000000, -0.000000000000000000, -0.000000000000000000 ) ) ;
#447 = CARTESIAN_POINT ( 'NONE',  ( 4.500000000000000888, -31.99999999999998579, 17.49999999999999645 ) ) ;
#448 = EDGE_LOOP ( 'NONE', ( #789, #1288 ) ) ;
#449 = CARTESIAN_POINT ( 'NONE',  ( 1.500000000000000222, 6.500000000000015987, 30.00000000000000000 ) ) ;
#450 = AXIS2_PLACEMENT_3D ( 'NONE', #880, #611, #735 ) ;
#451 = EDGE_CURVE ( 'NONE', #794, #1351, #1121, .T. ) ;
#452 = CARTESIAN_POINT ( 'NONE',  ( -9.999999999999996447, -31.99999999999997158, 8.499999999999989342 ) ) ;
#453 = CIRCLE ( 'NONE', #165, 1.500000000000001332 ) ;
#454 = DIRECTION ( 'NONE',  ( 0.000000000000000000, 0.000000000000000000, -1.000000000000000000 ) ) ;
#455 = CARTESIAN_POINT ( 'NONE',  ( 6.500000000000000888, -31.99999999999998579, 49.99999999999999289 ) ) ;
#456 = ORIENTED_EDGE ( 'NONE', *, *, #416, .T. ) ;
#457 = AXIS2_PLACEMENT_3D ( 'NONE', #1399, #234, #1673 ) ;
#458 = DIRECTION ( 'NONE',  ( 0.000000000000000000, 0.000000000000000000, 1.000000000000000000 ) ) ;
#459 = DIRECTION ( 'NONE',  ( 0.000000000000000000, 0.000000000000000000, 1.000000000000000000 ) ) ;
#460 = CARTESIAN_POINT ( 'NONE',  ( -1.499999999999999778, 35.00000000000001421, 49.99999999999999289 ) ) ;
#461 = CYLINDRICAL_SURFACE ( 'NONE', #494, 3.000000000000000000 ) ;
#462 = VERTEX_POINT ( 'NONE', #1150 ) ;
#463 = VECTOR ( 'NONE', #1215, 1000.000000000000000 ) ;
#464 = ORIENTED_EDGE ( 'NONE', *, *, #1247, .F. ) ;
#465 = DIRECTION ( 'NONE',  ( 0.000000000000000000, 0.000000000000000000, -1.000000000000000000 ) ) ;
#466 = EDGE_CURVE ( 'NONE', #1034, #1481, #1617, .T. ) ;
#467 = ORIENTED_EDGE ( 'NONE', *, *, #1619, .T. ) ;
#468 = DIRECTION ( 'NONE',  ( -0.000000000000000000, -1.000000000000000000, -0.000000000000000000 ) ) ;
#469 = EDGE_CURVE ( 'NONE', #1546, #112, #1108, .T. ) ;
#470 = DIRECTION ( 'NONE',  ( 1.000000000000000000, 0.000000000000000000, 0.000000000000000000 ) ) ;
#471 = AXIS2_PLACEMENT_3D ( 'NONE', #1075, #1611, #310 ) ;
#472 = CARTESIAN_POINT ( 'NONE',  ( -9.999999999999996447, -31.99999999999997158, 51.50000000000000711 ) ) ;
#473 = EDGE_CURVE ( 'NONE', #114, #1720, #1474, .T. ) ;
#474 = DIRECTION ( 'NONE',  ( 0.8823529411764705621, 0.4705882352941176405, 0.000000000000000000 ) ) ;
#475 = FACE_OUTER_BOUND ( 'NONE', #690, .T. ) ;
#476 = VERTEX_POINT ( 'NONE', #1679 ) ;
#477 = CARTESIAN_POINT ( 'NONE',  ( -4.500000000000000000, -28.99999999999998934, 60.00000000000000000 ) ) ;
#478 = EDGE_CURVE ( 'NONE', #1196, #107, #952, .T. ) ;
#479 = CYLINDRICAL_SURFACE ( 'NONE', #1508, 1.649999999999995248 ) ;
#480 = LINE ( 'NONE', #1367, #1255 ) ;
#481 = EDGE_CURVE ( 'NONE', #1553, #422, #195, .T. ) ;
#482 = CARTESIAN_POINT ( 'NONE',  ( -9.999999999999996447, -31.99999999999997158, 9.999999999999991118 ) ) ;
#483 = DIRECTION ( 'NONE',  ( 0.000000000000000000, 0.000000000000000000, 1.000000000000000000 ) ) ;
#484 = ORIENTED_EDGE ( 'NONE', *, *, #769, .F. ) ;
#485 = DIRECTION ( 'NONE',  ( -0.000000000000000000, -1.000000000000000000, 0.000000000000000000 ) ) ;
#486 = DIRECTION ( 'NONE',  ( 0.000000000000000000, 1.000000000000000000, 0.000000000000000000 ) ) ;
#487 = CIRCLE ( 'NONE', #1090, 10.00000000000000000 ) ;
#488 = EDGE_CURVE ( 'NONE', #185, #957, #383, .T. ) ;
#489 = CARTESIAN_POINT ( 'NONE',  ( -4.500000000000000000, -28.99999999999998934, 0.000000000000000000 ) ) ;
#490 = VERTEX_POINT ( 'NONE', #628 ) ;
#491 = DIRECTION ( 'NONE',  ( 1.000000000000000000, 0.000000000000000000, -0.000000000000000000 ) ) ;
#492 = DIRECTION ( 'NONE',  ( 0.000000000000000000, 0.000000000000000000, -1.000000000000000000 ) ) ;
#493 = FACE_OUTER_BOUND ( 'NONE', #1531, .T. ) ;
#494 = AXIS2_PLACEMENT_3D ( 'NONE', #986, #1242, #1659 ) ;
#495 = CARTESIAN_POINT ( 'NONE',  ( 16.50000000000000000, -31.99999999999998579, 0.000000000000000000 ) ) ;
#496 = ORIENTED_EDGE ( 'NONE', *, *, #1442, .F. ) ;
#497 = EDGE_CURVE ( 'NONE', #408, #938, #732, .T. ) ;
#498 = CYLINDRICAL_SURFACE ( 'NONE', #1223, 4.000000000000000000 ) ;
#499 = DIRECTION ( 'NONE',  ( 0.000000000000000000, 0.000000000000000000, -1.000000000000000000 ) ) ;
#500 = CIRCLE ( 'NONE', #130, 1.650000000000005684 ) ;
#501 = CIRCLE ( 'NONE', #1412, 1.500000000000001332 ) ;
#502 = LINE ( 'NONE', #1397, #1020 ) ;
#503 = VERTEX_POINT ( 'NONE', #1422 ) ;
#504 = AXIS2_PLACEMENT_3D ( 'NONE', #1552, #617, #1136 ) ;
#505 = FILL_AREA_STYLE_COLOUR ( '', #1447 ) ;
#506 = CIRCLE ( 'NONE', #58, 10.00000000000000178 ) ;
#507 = DIRECTION ( 'NONE',  ( -1.000000000000000000, -0.000000000000000000, -0.000000000000000000 ) ) ;
#508 = EDGE_LOOP ( 'NONE', ( #329, #1041, #284, #535 ) ) ;
#509 = EDGE_CURVE ( 'NONE', #387, #926, #595, .T. ) ;
#510 = DIRECTION ( 'NONE',  ( -1.000000000000000000, -0.000000000000000000, -0.000000000000000000 ) ) ;
#511 = ORIENTED_EDGE ( 'NONE', *, *, #747, .T. ) ;
#512 =( NAMED_UNIT ( * ) SI_UNIT ( $, .STERADIAN. ) SOLID_ANGLE_UNIT ( ) );
#513 = CARTESIAN_POINT ( 'NONE',  ( 1.500000000000000222, -2.409545442950527860, 37.25954544295044002 ) ) ;
#514 = DIRECTION ( 'NONE',  ( 1.000000000000000000, 0.000000000000000000, 0.000000000000000000 ) ) ;
#515 = ORIENTED_EDGE ( 'NONE', *, *, #1275, .T. ) ;
#516 = AXIS2_PLACEMENT_3D ( 'NONE', #201, #1522, #192 ) ;
#517 = DIRECTION ( 'NONE',  ( -0.000000000000000000, 0.000000000000000000, 1.000000000000000000 ) ) ;
#518 = ORIENTED_EDGE ( 'NONE', *, *, #969, .F. ) ;
#519 = VERTEX_POINT ( 'NONE', #772 ) ;
#520 = CARTESIAN_POINT ( 'NONE',  ( -1.500000000000000222, -23.99999999999998579, 17.49999999999999645 ) ) ;
#521 = EDGE_CURVE ( 'NONE', #778, #1095, #139, .T. ) ;
#522 = AXIS2_PLACEMENT_3D ( 'NONE', #6, #517, #1303 ) ;
#523 = VERTEX_POINT ( 'NONE', #513 ) ;
#524 = CARTESIAN_POINT ( 'NONE',  ( 16.50000000000000000, -31.99999999999998579, 42.49999999999999289 ) ) ;
#525 = EDGE_CURVE ( 'NONE', #791, #774, #1391, .T. ) ;
#526 = VECTOR ( 'NONE', #1449, 1000.000000000000000 ) ;
#527 = DIRECTION ( 'NONE',  ( 0.000000000000000000, 1.000000000000000000, 0.000000000000000000 ) ) ;
#528 = EDGE_LOOP ( 'NONE', ( #431, #1284, #411, #438 ) ) ;
#529 = ADVANCED_FACE ( 'NONE', ( #1688, #1044, #367, #1712, #620, #642, #1139, #1160 ), #884, .F. ) ;
#530 = LINE ( 'NONE', #1457, #569 ) ;
#531 = ORIENTED_EDGE ( 'NONE', *, *, #950, .T. ) ;
#532 = DIRECTION ( 'NONE',  ( 1.000000000000000000, -0.000000000000000000, -0.000000000000000000 ) ) ;
#533 = DIRECTION ( 'NONE',  ( 0.000000000000000000, 0.000000000000000000, -1.000000000000000000 ) ) ;
#534 =( GEOMETRIC_REPRESENTATION_CONTEXT ( 3 ) GLOBAL_UNCERTAINTY_ASSIGNED_CONTEXT ( ( #156 ) ) GLOBAL_UNIT_ASSIGNED_CONTEXT ( ( #207, #1532, #627 ) ) REPRESENTATION_CONTEXT ( 'NONE', 'WORKASPACE' ) );
#535 = ORIENTED_EDGE ( 'NONE', *, *, #1014, .T. ) ;
#536 = VERTEX_POINT ( 'NONE', #876 ) ;
#537 = DIRECTION ( 'NONE',  ( -0.000000000000000000, -0.000000000000000000, -1.000000000000000000 ) ) ;
#538 = EDGE_CURVE ( 'NONE', #536, #1568, #1013, .T. ) ;
#539 = ADVANCED_FACE ( 'NONE', ( #1037 ), #498, .F. ) ;
#540 = ORIENTED_EDGE ( 'NONE', *, *, #1325, .F. ) ;
#541 = CARTESIAN_POINT ( 'NONE',  ( -16.50000000000000000, -34.99999999999999289, 49.99999999999999289 ) ) ;
#542 = ORIENTED_EDGE ( 'NONE', *, *, #995, .T. ) ;
#543 = VECTOR ( 'NONE', #1070, 1000.000000000000000 ) ;
#544 = CARTESIAN_POINT ( 'NONE',  ( -9.999999999999996447, -34.99999999999997868, 48.50000000000000000 ) ) ;
#545 = ORIENTED_EDGE ( 'NONE', *, *, #1652, .F. ) ;
#546 = DIRECTION ( 'NONE',  ( -1.000000000000000000, -0.000000000000000000, -0.000000000000000000 ) ) ;
#547 = ADVANCED_FACE ( 'NONE', ( #1414 ), #1703, .F. ) ;
#548 = CARTESIAN_POINT ( 'NONE',  ( 6.500000000000000888, -31.99999999999998579, 60.00000000000000000 ) ) ;
#549 = ORIENTED_EDGE ( 'NONE', *, *, #226, .T. ) ;
#550 = DIRECTION ( 'NONE',  ( -0.4705882352941175850, -0.8823529411764706731, 0.000000000000000000 ) ) ;
#551 = SURFACE_STYLE_USAGE ( .BOTH. , #381 ) ;
#552 = AXIS2_PLACEMENT_3D ( 'NONE', #1213, #1085, #803 ) ;
#553 = EDGE_LOOP ( 'NONE', ( #1656, #7 ) ) ;
#554 = DIRECTION ( 'NONE',  ( 0.000000000000000000, 0.000000000000000000, 1.000000000000000000 ) ) ;
#555 = CARTESIAN_POINT ( 'NONE',  ( 1.500000000000000222, 6.500000000000015987, 26.00000000000000000 ) ) ;
#556 = ORIENTED_EDGE ( 'NONE', *, *, #298, .T. ) ;
#557 = CARTESIAN_POINT ( 'NONE',  ( -16.50000000000000000, -31.99999999999998579, 42.49999999999999289 ) ) ;
#558 = ORIENTED_EDGE ( 'NONE', *, *, #92, .T. ) ;
#559 = FACE_OUTER_BOUND ( 'NONE', #1649, .T. ) ;
#560 = AXIS2_PLACEMENT_3D ( 'NONE', #753, #1565, #1269 ) ;
#561 = LINE ( 'NONE', #1714, #886 ) ;
#562 = CYLINDRICAL_SURFACE ( 'NONE', #471, 1.650000000000019451 ) ;
#563 = ORIENTED_EDGE ( 'NONE', *, *, #950, .F. ) ;
#564 = CARTESIAN_POINT ( 'NONE',  ( 1.500000000000000222, -23.99999999999998579, 42.49999999999999289 ) ) ;
#565 = EDGE_LOOP ( 'NONE', ( #1228, #1398 ) ) ;
#566 = MECHANICAL_DESIGN_GEOMETRIC_PRESENTATION_REPRESENTATION (  '', ( #1338 ), #1582 ) ;
#567 = CARTESIAN_POINT ( 'NONE',  ( -1.499999999999999778, 25.00000000000001421, 49.99999999999999289 ) ) ;
#568 = EDGE_CURVE ( 'NONE', #1311, #591, #487, .T. ) ;
#569 = VECTOR ( 'NONE', #269, 1000.000000000000000 ) ;
#570 = DIRECTION ( 'NONE',  ( 0.000000000000000000, 0.000000000000000000, 1.000000000000000000 ) ) ;
#571 = DIRECTION ( 'NONE',  ( 1.000000000000000000, 0.000000000000000000, 0.000000000000000000 ) ) ;
#572 = MANIFOLD_SOLID_BREP ( '圆角4', #584 ) ;
#573 = LINE ( 'NONE', #713, #444 ) ;
#574 = ORIENTED_EDGE ( 'NONE', *, *, #1291, .T. ) ;
#575 = EDGE_CURVE ( 'NONE', #1448, #1036, #1153, .T. ) ;
#576 =( NAMED_UNIT ( * ) PLANE_ANGLE_UNIT ( ) SI_UNIT ( $, .RADIAN. ) );
#577 = CARTESIAN_POINT ( 'NONE',  ( -4.500000000000000888, -31.99999999999998579, 17.49999999999999645 ) ) ;
#578 = CYLINDRICAL_SURFACE ( 'NONE', #1049, 1.500000000000001332 ) ;
#579 = VECTOR ( 'NONE', #69, 1000.000000000000000 ) ;
#580 = DIRECTION ( 'NONE',  ( -0.000000000000000000, -1.000000000000000000, -0.000000000000000000 ) ) ;
#581 = ORIENTED_EDGE ( 'NONE', *, *, #602, .F. ) ;
#582 = FACE_OUTER_BOUND ( 'NONE', #1047, .T. ) ;
#583 = VERTEX_POINT ( 'NONE', #1721 ) ;
#584 = CLOSED_SHELL ( 'NONE', ( #317, #1384, #1510, #782, #1694, #202, #1456, #539, #649, #36, #39, #149, #893, #1539, #445, #529, #1134, #833, #98, #1131, #425, #412, #1104, #887, #71, #639, #1632, #779, #1229, #871, #547, #1396, #895, #1641, #85, #336, #1450, #1305, #1554, #4, #899, #714, #836, #1484, #127, #1359, #1337, #5, #1206, #1200 ) ) ;
#585 = DIRECTION ( 'NONE',  ( 0.000000000000000000, 0.000000000000000000, 1.000000000000000000 ) ) ;
#586 = CIRCLE ( 'NONE', #1178, 1.650000000000019451 ) ;
#587 = CARTESIAN_POINT ( 'NONE',  ( 6.500000000000000888, -31.99999999999998579, 0.000000000000000000 ) ) ;
#588 = EDGE_CURVE ( 'NONE', #1556, #1713, #920, .T. ) ;
#589 = AXIS2_PLACEMENT_3D ( 'NONE', #1501, #435, #570 ) ;
#590 = PLANE ( 'NONE',  #684 ) ;
#591 = VERTEX_POINT ( 'NONE', #1191 ) ;
#592 = FACE_BOUND ( 'NONE', #1151, .T. ) ;
#593 = ORIENTED_EDGE ( 'NONE', *, *, #221, .T. ) ;
#594 = EDGE_CURVE ( 'NONE', #1608, #736, #530, .T. ) ;
#595 = CIRCLE ( 'NONE', #1697, 1.649999999999995248 ) ;
#596 = VECTOR ( 'NONE', #1346, 1000.000000000000000 ) ;
#597 = DIRECTION ( 'NONE',  ( -1.000000000000000000, -0.000000000000000000, -0.000000000000000000 ) ) ;
#598 = EDGE_LOOP ( 'NONE', ( #121, #654, #1021, #424 ) ) ;
#599 = FACE_BOUND ( 'NONE', #553, .T. ) ;
#600 = DIRECTION ( 'NONE',  ( -8.131516293641283255E-17, -1.000000000000000000, 0.000000000000000000 ) ) ;
#601 = FACE_OUTER_BOUND ( 'NONE', #776, .T. ) ;
#602 = EDGE_CURVE ( 'NONE', #1159, #1095, #258, .T. ) ;
#603 = CARTESIAN_POINT ( 'NONE',  ( 4.500000000000000888, -28.99999999999998934, 42.49999999999999289 ) ) ;
#604 = FACE_OUTER_BOUND ( 'NONE', #1639, .T. ) ;
#605 = ORIENTED_EDGE ( 'NONE', *, *, #1570, .F. ) ;
#606 = FACE_OUTER_BOUND ( 'NONE', #267, .T. ) ;
#607 = CARTESIAN_POINT ( 'NONE',  ( 16.50000000000000000, -34.99999999999999289, 49.99999999999999289 ) ) ;
#608 = DIRECTION ( 'NONE',  ( 1.000000000000000000, 0.000000000000000000, -0.000000000000000000 ) ) ;
#609 = VECTOR ( 'NONE', #274, 1000.000000000000000 ) ;
#610 = CARTESIAN_POINT ( 'NONE',  ( -1.499999999999999556, 15.40954544295055584, 38.90954544295045991 ) ) ;
#611 = DIRECTION ( 'NONE',  ( 1.000000000000000000, 0.000000000000000000, -0.000000000000000000 ) ) ;
#612 = ORIENTED_EDGE ( 'NONE', *, *, #716, .F. ) ;
#613 = CYLINDRICAL_SURFACE ( 'NONE', #1054, 1.649999999999995248 ) ;
#614 = PLANE ( 'NONE',  #623 ) ;
#615 = CARTESIAN_POINT ( 'NONE',  ( -9.999999999999996447, -31.99999999999997158, 50.00000000000000000 ) ) ;
#616 = VECTOR ( 'NONE', #718, 1000.000000000000000 ) ;
#617 = DIRECTION ( 'NONE',  ( 0.000000000000000000, 1.000000000000000000, 0.000000000000000000 ) ) ;
#618 = ORIENTED_EDGE ( 'NONE', *, *, #1652, .T. ) ;
#619 = LINE ( 'NONE', #357, #1190 ) ;
#620 = FACE_BOUND ( 'NONE', #1277, .T. ) ;
#621 = DIRECTION ( 'NONE',  ( 1.000000000000000000, 0.000000000000000000, 0.000000000000000000 ) ) ;
#622 = AXIS2_PLACEMENT_3D ( 'NONE', #111, #1023, #227 ) ;
#623 = AXIS2_PLACEMENT_3D ( 'NONE', #564, #550, #805 ) ;
#624 = EDGE_CURVE ( 'NONE', #910, #1304, #1006, .T. ) ;
#625 = PLANE ( 'NONE',  #726 ) ;
#626 = VERTEX_POINT ( 'NONE', #8 ) ;
#627 =( NAMED_UNIT ( * ) SI_UNIT ( $, .STERADIAN. ) SOLID_ANGLE_UNIT ( ) );
#628 = CARTESIAN_POINT ( 'NONE',  ( -4.500000000000000888, -31.99999999999998579, 0.000000000000000000 ) ) ;
#629 = LINE ( 'NONE', #1148, #1668 ) ;
#630 = AXIS2_PLACEMENT_3D ( 'NONE', #703, #1326, #1068 ) ;
#631 = DIRECTION ( 'NONE',  ( 1.000000000000000000, -0.000000000000000000, -0.000000000000000000 ) ) ;
#632 = VERTEX_POINT ( 'NONE', #544 ) ;
#633 = DIRECTION ( 'NONE',  ( 1.000000000000000000, -0.000000000000000000, -0.000000000000000000 ) ) ;
#634 = CARTESIAN_POINT ( 'NONE',  ( -6.500000000000000888, -31.99999999999998579, 10.00000000000000000 ) ) ;
#635 = DIRECTION ( 'NONE',  ( 0.000000000000000000, 0.000000000000000000, 1.000000000000000000 ) ) ;
#636 = ORIENTED_EDGE ( 'NONE', *, *, #1442, .T. ) ;
#637 = DIRECTION ( 'NONE',  ( -0.000000000000000000, 1.000000000000000000, 0.000000000000000000 ) ) ;
#638 = ORIENTED_EDGE ( 'NONE', *, *, #665, .F. ) ;
#639 = ADVANCED_FACE ( 'NONE', ( #1599 ), #418, .F. ) ;
#640 = LINE ( 'NONE', #902, #1616 ) ;
#641 = AXIS2_PLACEMENT_3D ( 'NONE', #1286, #752, #492 ) ;
#642 = FACE_BOUND ( 'NONE', #1249, .T. ) ;
#643 = CIRCLE ( 'NONE', #1393, 10.00000000000000178 ) ;
#644 = DIRECTION ( 'NONE',  ( -0.000000000000000000, 0.000000000000000000, 1.000000000000000000 ) ) ;
#645 = ORIENTED_EDGE ( 'NONE', *, *, #155, .T. ) ;
#646 = ORIENTED_EDGE ( 'NONE', *, *, #658, .T. ) ;
#647 = FACE_OUTER_BOUND ( 'NONE', #528, .T. ) ;
#648 = EDGE_LOOP ( 'NONE', ( #1290, #1045, #1488, #1538, #456, #1076, #1624, #243, #1236, #1295 ) ) ;
#649 = ADVANCED_FACE ( 'NONE', ( #1339 ), #143, .F. ) ;
#650 = FILL_AREA_STYLE ('',( #505 ) ) ;
#651 = EDGE_LOOP ( 'NONE', ( #841, #1577, #3, #349 ) ) ;
#652 = FACE_OUTER_BOUND ( 'NONE', #598, .T. ) ;
#653 = EDGE_CURVE ( 'NONE', #1622, #536, #845, .T. ) ;
#654 = ORIENTED_EDGE ( 'NONE', *, *, #172, .T. ) ;
#655 = EDGE_LOOP ( 'NONE', ( #440, #1707, #252, #907 ) ) ;
#656 = DIRECTION ( 'NONE',  ( -1.000000000000000000, -0.000000000000000000, -0.000000000000000000 ) ) ;
#657 = ORIENTED_EDGE ( 'NONE', *, *, #481, .F. ) ;
#658 = EDGE_CURVE ( 'NONE', #1514, #1448, #1485, .T. ) ;
#659 = AXIS2_PLACEMENT_3D ( 'NONE', #1140, #507, #1705 ) ;
#660 = CYLINDRICAL_SURFACE ( 'NONE', #1717, 1.649999999999995248 ) ;
#661 = ORIENTED_EDGE ( 'NONE', *, *, #1365, .T. ) ;
#662 = DIRECTION ( 'NONE',  ( -1.000000000000000000, 0.000000000000000000, 0.000000000000000000 ) ) ;
#663 = ORIENTED_EDGE ( 'NONE', *, *, #1082, .F. ) ;
#664 = CARTESIAN_POINT ( 'NONE',  ( -1.499999999999999556, 15.40954544295056472, 19.44045455704955216 ) ) ;
#665 = EDGE_CURVE ( 'NONE', #214, #736, #691, .T. ) ;
#666 = AXIS2_PLACEMENT_3D ( 'NONE', #279, #527, #1040 ) ;
#667 = DIRECTION ( 'NONE',  ( -1.000000000000000000, 0.000000000000000000, 0.000000000000000000 ) ) ;
#668 = ORIENTED_EDGE ( 'NONE', *, *, #469, .F. ) ;
#669 = CIRCLE ( 'NONE', #1409, 1.500000000000001332 ) ;
#670 = DIRECTION ( 'NONE',  ( -1.000000000000000000, -0.000000000000000000, -0.000000000000000000 ) ) ;
#671 = VERTEX_POINT ( 'NONE', #548 ) ;
#672 = CIRCLE ( 'NONE', #560, 1.650000000000019451 ) ;
#673 = FACE_OUTER_BOUND ( 'NONE', #1614, .T. ) ;
#674 = ORIENTED_EDGE ( 'NONE', *, *, #875, .T. ) ;
#675 =( NAMED_UNIT ( * ) SI_UNIT ( $, .STERADIAN. ) SOLID_ANGLE_UNIT ( ) );
#676 = ORIENTED_EDGE ( 'NONE', *, *, #1517, .T. ) ;
#677 = DIRECTION ( 'NONE',  ( 0.000000000000000000, 0.000000000000000000, 1.000000000000000000 ) ) ;
#678 = AXIS2_PLACEMENT_3D ( 'NONE', #1618, #1625, #1113 ) ;
#679 = CARTESIAN_POINT ( 'NONE',  ( 1.500000000000000444, -6.049999999999985612, 30.00000000000000000 ) ) ;
#680 = AXIS2_PLACEMENT_3D ( 'NONE', #998, #1144, #1130 ) ;
#681 = ORIENTED_EDGE ( 'NONE', *, *, #1051, .T. ) ;
#682 = CARTESIAN_POINT ( 'NONE',  ( -16.50000000000000000, -31.99999999999998579, 17.49999999999999645 ) ) ;
#683 = PLANE ( 'NONE',  #1571 ) ;
#684 = AXIS2_PLACEMENT_3D ( 'NONE', #1512, #1366, #992 ) ;
#685 = VERTEX_POINT ( 'NONE', #11 ) ;
#686 = DIRECTION ( 'NONE',  ( 1.000000000000000000, -0.000000000000000000, -0.000000000000000000 ) ) ;
#687 = DIRECTION ( 'NONE',  ( -1.000000000000000000, 0.000000000000000000, 0.000000000000000000 ) ) ;
#688 = VERTEX_POINT ( 'NONE', #1220 ) ;
#689 = DIRECTION ( 'NONE',  ( 0.000000000000000000, 0.000000000000000000, -1.000000000000000000 ) ) ;
#690 = EDGE_LOOP ( 'NONE', ( #646, #74, #1086, #1214 ) ) ;
#691 = CIRCLE ( 'NONE', #1071, 3.000000000000000000 ) ;
#692 = CARTESIAN_POINT ( 'NONE',  ( 1.500000000000000444, -28.99999999999998934, 0.000000000000000000 ) ) ;
#693 = CIRCLE ( 'NONE', #659, 1.650000000000019451 ) ;
#694 = DIRECTION ( 'NONE',  ( -1.000000000000000000, 0.000000000000000000, 0.000000000000000000 ) ) ;
#695 = FACE_OUTER_BOUND ( 'NONE', #233, .T. ) ;
#696 = VERTEX_POINT ( 'NONE', #1310 ) ;
#697 = LINE ( 'NONE', #28, #609 ) ;
#698 = EDGE_LOOP ( 'NONE', ( #1444, #1064, #14, #263 ) ) ;
#699 = EDGE_CURVE ( 'NONE', #1304, #910, #1515, .T. ) ;
#700 = CARTESIAN_POINT ( 'NONE',  ( 0.000000000000000000, 0.000000000000000000, 42.49999999999999289 ) ) ;
#701 = AXIS2_PLACEMENT_3D ( 'NONE', #1477, #1046, #1300 ) ;
#702 = CARTESIAN_POINT ( 'NONE',  ( 16.50000000000000000, -31.99999999999998579, 10.00000000000000000 ) ) ;
#703 = CARTESIAN_POINT ( 'NONE',  ( 0.000000000000000000, 0.000000000000000000, 42.49999999999999289 ) ) ;
#704 = ORIENTED_EDGE ( 'NONE', *, *, #92, .F. ) ;
#705 = DIRECTION ( 'NONE',  ( 1.000000000000000000, -0.000000000000000000, -0.000000000000000000 ) ) ;
#706 = EDGE_LOOP ( 'NONE', ( #1591, #661, #1101, #125 ) ) ;
#707 = CARTESIAN_POINT ( 'NONE',  ( 1.500000000000000222, -2.409545442950532745, 19.44045455704955216 ) ) ;
#708 = PRESENTATION_LAYER_ASSIGNMENT (  '', '', ( #1298 ) ) ;
#709 = EDGE_CURVE ( 'NONE', #1568, #1608, #183, .T. ) ;
#710 = DIRECTION ( 'NONE',  ( -1.000000000000000000, 0.000000000000000000, 0.000000000000000000 ) ) ;
#711 = DIRECTION ( 'NONE',  ( 0.000000000000000000, 0.000000000000000000, -1.000000000000000000 ) ) ;
#712 = EDGE_LOOP ( 'NONE', ( #1411, #1030 ) ) ;
#713 = CARTESIAN_POINT ( 'NONE',  ( 1.500000000000000222, 25.00000000000001421, 0.000000000000000000 ) ) ;
#714 = ADVANCED_FACE ( 'NONE', ( #428 ), #124, .T. ) ;
#715 = ORIENTED_EDGE ( 'NONE', *, *, #1642, .T. ) ;
#716 = EDGE_CURVE ( 'NONE', #685, #1159, #1601, .T. ) ;
#717 = CARTESIAN_POINT ( 'NONE',  ( -1.499999999999999556, 15.40954544295056472, 21.09045455704954719 ) ) ;
#718 = DIRECTION ( 'NONE',  ( -0.000000000000000000, -1.000000000000000000, -0.000000000000000000 ) ) ;
#719 = VECTOR ( 'NONE', #971, 1000.000000000000000 ) ;
#720 = EDGE_CURVE ( 'NONE', #774, #791, #1279, .T. ) ;
#721 = CARTESIAN_POINT ( 'NONE',  ( 8.500000000000000000, 19.05000000000001847, 28.34999999999999787 ) ) ;
#722 = EDGE_CURVE ( 'NONE', #1556, #1567, #939, .T. ) ;
#723 = LINE ( 'NONE', #61, #746 ) ;
#724 = ORIENTED_EDGE ( 'NONE', *, *, #1170, .F. ) ;
#725 = LINE ( 'NONE', #315, #1645 ) ;
#726 = AXIS2_PLACEMENT_3D ( 'NONE', #495, #223, #756 ) ;
#727 = EDGE_CURVE ( 'NONE', #736, #1199, #946, .T. ) ;
#728 = CARTESIAN_POINT ( 'NONE',  ( -16.50000000000000000, -31.99999999999998579, 49.99999999999999289 ) ) ;
#729 = LINE ( 'NONE', #721, #1202 ) ;
#730 = LINE ( 'NONE', #1235, #719 ) ;
#731 = ORIENTED_EDGE ( 'NONE', *, *, #1388, .F. ) ;
#732 = CIRCLE ( 'NONE', #888, 10.00000000000000000 ) ;
#733 = VECTOR ( 'NONE', #442, 1000.000000000000000 ) ;
#734 = DIRECTION ( 'NONE',  ( -1.000000000000000000, -0.000000000000000000, -0.000000000000000000 ) ) ;
#735 = DIRECTION ( 'NONE',  ( 0.000000000000000000, 0.000000000000000000, 1.000000000000000000 ) ) ;
#736 = VERTEX_POINT ( 'NONE', #1348 ) ;
#737 = DIRECTION ( 'NONE',  ( -1.000000000000000000, 0.000000000000000000, 0.000000000000000000 ) ) ;
#738 = CARTESIAN_POINT ( 'NONE',  ( 4.500000000000000888, -28.99999999999998934, 60.00000000000000000 ) ) ;
#739 = DIRECTION ( 'NONE',  ( -0.000000000000000000, -0.000000000000000000, -1.000000000000000000 ) ) ;
#740 = DIRECTION ( 'NONE',  ( 0.000000000000000000, 0.000000000000000000, 1.000000000000000000 ) ) ;
#741 = CARTESIAN_POINT ( 'NONE',  ( -16.50100000000000122, 15.40954544295056472, 19.44045455704955216 ) ) ;
#742 = EDGE_LOOP ( 'NONE', ( #1580, #912, #518, #1167, #1055 ) ) ;
#743 = DIRECTION ( 'NONE',  ( 0.000000000000000000, 1.000000000000000000, 0.000000000000000000 ) ) ;
#744 = CARTESIAN_POINT ( 'NONE',  ( -9.999999999999996447, -31.99999999999997158, 48.50000000000000000 ) ) ;
#745 = DIRECTION ( 'NONE',  ( 1.000000000000000000, 0.000000000000000000, 0.000000000000000000 ) ) ;
#746 = VECTOR ( 'NONE', #1375, 1000.000000000000000 ) ;
#747 = EDGE_CURVE ( 'NONE', #387, #206, #1627, .T. ) ;
#748 = CARTESIAN_POINT ( 'NONE',  ( -4.500000000000000000, -28.99999999999998934, 17.50000000000000000 ) ) ;
#749 = AXIS2_PLACEMENT_3D ( 'NONE', #1029, #1276, #483 ) ;
#750 = ORIENTED_EDGE ( 'NONE', *, *, #1254, .F. ) ;
#751 = DIRECTION ( 'NONE',  ( 0.000000000000000000, 0.000000000000000000, -1.000000000000000000 ) ) ;
#752 = DIRECTION ( 'NONE',  ( 1.000000000000000000, 0.000000000000000000, 0.000000000000000000 ) ) ;
#753 = CARTESIAN_POINT ( 'NONE',  ( 1.500000000000000222, 15.40954544295055584, 38.90954544295045991 ) ) ;
#754 = EDGE_CURVE ( 'NONE', #1405, #1584, #1660, .T. ) ;
#755 = CIRCLE ( 'NONE', #457, 10.00000000000000178 ) ;
#756 = DIRECTION ( 'NONE',  ( 0.000000000000000000, -0.000000000000000000, -1.000000000000000000 ) ) ;
#757 = ORIENTED_EDGE ( 'NONE', *, *, #624, .T. ) ;
#758 = CARTESIAN_POINT ( 'NONE',  ( 1.500000000000000444, 19.05000000000001847, 30.00000000000000000 ) ) ;
#759 = DIRECTION ( 'NONE',  ( 0.000000000000000000, 0.000000000000000000, -1.000000000000000000 ) ) ;
#760 = DIRECTION ( 'NONE',  ( 0.000000000000000000, 0.000000000000000000, -1.000000000000000000 ) ) ;
#761 = AXIS2_PLACEMENT_3D ( 'NONE', #1107, #342, #711 ) ;
#762 = DIRECTION ( 'NONE',  ( 0.000000000000000000, -1.000000000000000000, 0.000000000000000000 ) ) ;
#763 = ORIENTED_EDGE ( 'NONE', *, *, #1699, .F. ) ;
#764 = DIRECTION ( 'NONE',  ( -1.000000000000000000, 0.000000000000000000, 0.000000000000000000 ) ) ;
#765 = LINE ( 'NONE', #99, #1120 ) ;
#766 = EDGE_CURVE ( 'NONE', #1078, #394, #989, .T. ) ;
#767 = VECTOR ( 'NONE', #954, 1000.000000000000000 ) ;
#768 = ORIENTED_EDGE ( 'NONE', *, *, #1600, .T. ) ;
#769 = EDGE_CURVE ( 'NONE', #1222, #150, #1181, .T. ) ;
#770 = DIRECTION ( 'NONE',  ( 0.000000000000000000, 0.000000000000000000, 1.000000000000000000 ) ) ;
#771 = EDGE_LOOP ( 'NONE', ( #824, #867 ) ) ;
#772 = CARTESIAN_POINT ( 'NONE',  ( -4.500000000000000888, -31.99999999999998579, 60.00000000000000000 ) ) ;
#773 = EDGE_CURVE ( 'NONE', #1584, #45, #1478, .T. ) ;
#774 = VERTEX_POINT ( 'NONE', #406 ) ;
#775 = CARTESIAN_POINT ( 'NONE',  ( -1.499999999999999778, -23.99999999999998579, 17.50000000000000000 ) ) ;
#776 = EDGE_LOOP ( 'NONE', ( #1701, #832, #400, #1059, #244, #384 ) ) ;
#777 = CIRCLE ( 'NONE', #1080, 1.649999999999998579 ) ;
#778 = VERTEX_POINT ( 'NONE', #555 ) ;
#779 = ADVANCED_FACE ( 'NONE', ( #695 ), #562, .F. ) ;
#780 = CARTESIAN_POINT ( 'NONE',  ( -16.50100000000000122, -2.409545442950527860, 38.90954544295045281 ) ) ;
#781 = EDGE_LOOP ( 'NONE', ( #1318, #1439 ) ) ;
#782 = ADVANCED_FACE ( 'NONE', ( #437 ), #960, .F. ) ;
#783 = FILL_AREA_STYLE ('',( #1031 ) ) ;
#784 = CARTESIAN_POINT ( 'NONE',  ( -1.499999999999999778, -34.99999999999999289, 60.00000000000000000 ) ) ;
#785 = ORIENTED_EDGE ( 'NONE', *, *, #1247, .T. ) ;
#786 = DIRECTION ( 'NONE',  ( -0.8823529411764706731, -0.4705882352941175850, 0.000000000000000000 ) ) ;
#787 = ORIENTED_EDGE ( 'NONE', *, *, #1559, .T. ) ;
#788 = ORIENTED_EDGE ( 'NONE', *, *, #1291, .F. ) ;
#789 = ORIENTED_EDGE ( 'NONE', *, *, #31, .T. ) ;
#790 = VERTEX_POINT ( 'NONE', #182 ) ;
#791 = VERTEX_POINT ( 'NONE', #978 ) ;
#792 = DIRECTION ( 'NONE',  ( 0.000000000000000000, 1.000000000000000000, 0.000000000000000000 ) ) ;
#793 = VERTEX_POINT ( 'NONE', #1241 ) ;
#794 = VERTEX_POINT ( 'NONE', #208 ) ;
#795 = DIRECTION ( 'NONE',  ( -0.000000000000000000, 1.000000000000000000, 0.000000000000000000 ) ) ;
#796 = AXIS2_PLACEMENT_3D ( 'NONE', #455, #849, #35 ) ;
#797 = ORIENTED_EDGE ( 'NONE', *, *, #293, .F. ) ;
#798 = ORIENTED_EDGE ( 'NONE', *, *, #1416, .F. ) ;
#799 = CARTESIAN_POINT ( 'NONE',  ( -1.499999999999999556, -2.409545442950527860, 38.90954544295045281 ) ) ;
#800 = ORIENTED_EDGE ( 'NONE', *, *, #1706, .T. ) ;
#801 = CARTESIAN_POINT ( 'NONE',  ( -9.999999999999996447, -34.99999999999997868, 9.999999999999991118 ) ) ;
#802 = VECTOR ( 'NONE', #101, 1000.000000000000000 ) ;
#803 = DIRECTION ( 'NONE',  ( 0.000000000000000000, 0.000000000000000000, -1.000000000000000000 ) ) ;
#804 = ORIENTED_EDGE ( 'NONE', *, *, #1309, .T. ) ;
#805 = DIRECTION ( 'NONE',  ( 0.8823529411764706731, -0.4705882352941175850, 0.000000000000000000 ) ) ;
#806 = EDGE_CURVE ( 'NONE', #287, #158, #729, .T. ) ;
#807 = VECTOR ( 'NONE', #828, 1000.000000000000000 ) ;
#808 = FACE_OUTER_BOUND ( 'NONE', #706, .T. ) ;
#809 = ORIENTED_EDGE ( 'NONE', *, *, #293, .T. ) ;
#810 = DIRECTION ( 'NONE',  ( 0.000000000000000000, 0.000000000000000000, -1.000000000000000000 ) ) ;
#811 = EDGE_LOOP ( 'NONE', ( #102, #724, #1164, #1420 ) ) ;
#812 = FACE_OUTER_BOUND ( 'NONE', #651, .T. ) ;
#813 = AXIS2_PLACEMENT_3D ( 'NONE', #1692, #873, #1404 ) ;
#814 = CIRCLE ( 'NONE', #1028, 4.000000000000000000 ) ;
#815 = CARTESIAN_POINT ( 'NONE',  ( -16.50100000000000122, -2.409545442950532745, 19.44045455704955216 ) ) ;
#816 = VERTEX_POINT ( 'NONE', #1226 ) ;
#817 = CARTESIAN_POINT ( 'NONE',  ( 9.999999999999996447, -31.99999999999997158, 11.49999999999999289 ) ) ;
#818 = DIRECTION ( 'NONE',  ( -1.000000000000000000, 0.000000000000000000, 0.000000000000000000 ) ) ;
#819 = CARTESIAN_POINT ( 'NONE',  ( -9.999999999999996447, -31.99999999999997158, 9.999999999999991118 ) ) ;
#820 = EDGE_CURVE ( 'NONE', #957, #874, #1390, .T. ) ;
#821 = DIRECTION ( 'NONE',  ( 1.000000000000000000, -0.000000000000000000, -0.000000000000000000 ) ) ;
#822 = ORIENTED_EDGE ( 'NONE', *, *, #766, .F. ) ;
#823 = CARTESIAN_POINT ( 'NONE',  ( 16.50000000000000000, -31.99999999999998579, 60.00000000000000000 ) ) ;
#824 = ORIENTED_EDGE ( 'NONE', *, *, #1316, .F. ) ;
#825 = EDGE_CURVE ( 'NONE', #1257, #119, #1424, .T. ) ;
#826 = DIRECTION ( 'NONE',  ( 0.000000000000000000, 1.000000000000000000, -0.000000000000000000 ) ) ;
#827 = VECTOR ( 'NONE', #305, 1000.000000000000000 ) ;
#828 = DIRECTION ( 'NONE',  ( -0.000000000000000000, 0.000000000000000000, 1.000000000000000000 ) ) ;
#829 = CARTESIAN_POINT ( 'NONE',  ( -1.499999999999999556, 6.500000000000015987, 30.00000000000000000 ) ) ;
#830 = ORIENTED_EDGE ( 'NONE', *, *, #161, .T. ) ;
#831 = CARTESIAN_POINT ( 'NONE',  ( -9.999999999999996447, -31.99999999999997158, 51.50000000000000711 ) ) ;
#832 = ORIENTED_EDGE ( 'NONE', *, *, #932, .F. ) ;
#833 = ADVANCED_FACE ( 'NONE', ( #42 ), #590, .F. ) ;
#834 = LINE ( 'NONE', #1643, #596 ) ;
#835 = VECTOR ( 'NONE', #1232, 1000.000000000000000 ) ;
#836 = ADVANCED_FACE ( 'NONE', ( #191 ), #1124, .F. ) ;
#837 = DIRECTION ( 'NONE',  ( 0.000000000000000000, 0.000000000000000000, -1.000000000000000000 ) ) ;
#838 = FACE_OUTER_BOUND ( 'NONE', #1192, .T. ) ;
#839 = ORIENTED_EDGE ( 'NONE', *, *, #594, .T. ) ;
#840 = DIRECTION ( 'NONE',  ( 0.000000000000000000, 1.000000000000000000, 0.000000000000000000 ) ) ;
#841 = ORIENTED_EDGE ( 'NONE', *, *, #754, .T. ) ;
#842 = EDGE_CURVE ( 'NONE', #938, #1311, #325, .T. ) ;
#843 =( LENGTH_UNIT ( ) NAMED_UNIT ( * ) SI_UNIT ( .MILLI., .METRE. ) );
#844 = DIRECTION ( 'NONE',  ( 0.000000000000000000, 0.000000000000000000, 1.000000000000000000 ) ) ;
#845 = CIRCLE ( 'NONE', #319, 10.00000000000000000 ) ;
#846 = EDGE_CURVE ( 'NONE', #1345, #1514, #60, .T. ) ;
#847 = DIRECTION ( 'NONE',  ( 0.000000000000000000, 0.000000000000000000, 1.000000000000000000 ) ) ;
#848 = CARTESIAN_POINT ( 'NONE',  ( 16.50000000000000000, -31.99999999999998579, 0.000000000000000000 ) ) ;
#849 = DIRECTION ( 'NONE',  ( -0.000000000000000000, 1.000000000000000000, -0.000000000000000000 ) ) ;
#850 = VERTEX_POINT ( 'NONE', #744 ) ;
#851 = EDGE_CURVE ( 'NONE', #1317, #1546, #174, .T. ) ;
#852 = DIRECTION ( 'NONE',  ( -1.000000000000000000, -0.000000000000000000, -0.000000000000000000 ) ) ;
#853 = AXIS2_PLACEMENT_3D ( 'NONE', #679, #687, #1604 ) ;
#854 = CARTESIAN_POINT ( 'NONE',  ( -1.500000000000000666, -28.99999999999998934, 42.49999999999999289 ) ) ;
#855 = CARTESIAN_POINT ( 'NONE',  ( 16.50000000000000000, -34.99999999999999289, 49.99999999999999289 ) ) ;
#856 = PLANE ( 'NONE',  #378 ) ;
#857 = ORIENTED_EDGE ( 'NONE', *, *, #345, .T. ) ;
#858 = DIRECTION ( 'NONE',  ( 0.000000000000000000, 0.000000000000000000, 1.000000000000000000 ) ) ;
#859 = ORIENTED_EDGE ( 'NONE', *, *, #1026, .T. ) ;
#860 = CARTESIAN_POINT ( 'NONE',  ( -16.50000000000000000, 0.000000000000000000, 10.00000000000000000 ) ) ;
#861 = FACE_OUTER_BOUND ( 'NONE', #811, .T. ) ;
#862 = CARTESIAN_POINT ( 'NONE',  ( 1.500000000000000222, 6.500000000000016875, 33.99999999999999289 ) ) ;
#863 = AXIS2_PLACEMENT_3D ( 'NONE', #103, #491, #1687 ) ;
#864 = AXIS2_PLACEMENT_3D ( 'NONE', #1146, #82, #1435 ) ;
#865 = CARTESIAN_POINT ( 'NONE',  ( 9.999999999999996447, -31.99999999999997158, 9.999999999999991118 ) ) ;
#866 = CARTESIAN_POINT ( 'NONE',  ( 9.999999999999996447, -34.99999999999997868, 11.49999999999999289 ) ) ;
#867 = ORIENTED_EDGE ( 'NONE', *, *, #91, .F. ) ;
#868 = CYLINDRICAL_SURFACE ( 'NONE', #228, 10.00000000000000000 ) ;
#869 = CARTESIAN_POINT ( 'NONE',  ( 6.500000000000000888, -34.99999999999999289, 49.99999999999999289 ) ) ;
#870 = CARTESIAN_POINT ( 'NONE',  ( -1.499999999999999778, -28.99999999999998934, 60.00000000000000000 ) ) ;
#871 = ADVANCED_FACE ( 'NONE', ( #1648 ), #479, .F. ) ;
#872 = CARTESIAN_POINT ( 'NONE',  ( -1.499999999999999778, -28.99999999999998934, 0.000000000000000000 ) ) ;
#873 = DIRECTION ( 'NONE',  ( -0.000000000000000000, -1.000000000000000000, 0.000000000000000000 ) ) ;
#874 = VERTEX_POINT ( 'NONE', #855 ) ;
#875 = EDGE_CURVE ( 'NONE', #874, #688, #322, .T. ) ;
#876 = CARTESIAN_POINT ( 'NONE',  ( 16.50000000000000000, -34.99999999999999289, 10.00000000000000000 ) ) ;
#877 = CARTESIAN_POINT ( 'NONE',  ( 1.500000000000000222, -23.99999999999998579, 42.49999999999999289 ) ) ;
#878 = AXIS2_PLACEMENT_3D ( 'NONE', #1077, #1613, #430 ) ;
#879 = CIRCLE ( 'NONE', #129, 1.650000000000019451 ) ;
#880 = CARTESIAN_POINT ( 'NONE',  ( 1.500000000000000222, -2.409545442950527860, 38.90954544295045281 ) ) ;
#881 = VECTOR ( 'NONE', #1537, 1000.000000000000000 ) ;
#882 = ORIENTED_EDGE ( 'NONE', *, *, #226, .F. ) ;
#883 = FACE_OUTER_BOUND ( 'NONE', #280, .T. ) ;
#884 = PLANE ( 'NONE',  #1550 ) ;
#885 = CARTESIAN_POINT ( 'NONE',  ( 9.999999999999996447, -34.99999999999997868, 50.00000000000000000 ) ) ;
#886 = VECTOR ( 'NONE', #1193, 1000.000000000000000 ) ;
#887 = ADVANCED_FACE ( 'NONE', ( #861 ), #333, .T. ) ;
#888 = AXIS2_PLACEMENT_3D ( 'NONE', #89, #241, #248 ) ;
#889 = VECTOR ( 'NONE', #180, 1000.000000000000000 ) ;
#890 = AXIS2_PLACEMENT_3D ( 'NONE', #341, #225, #751 ) ;
#891 = DIRECTION ( 'NONE',  ( 0.000000000000000000, 0.000000000000000000, -1.000000000000000000 ) ) ;
#892 = ORIENTED_EDGE ( 'NONE', *, *, #354, .F. ) ;
#893 = ADVANCED_FACE ( 'NONE', ( #1400, #200 ), #1251, .F. ) ;
#894 = DIRECTION ( 'NONE',  ( -0.000000000000000000, -1.000000000000000000, -0.000000000000000000 ) ) ;
#895 = ADVANCED_FACE ( 'NONE', ( #999 ), #1666, .T. ) ;
#896 = DIRECTION ( 'NONE',  ( 1.000000000000000000, -0.000000000000000000, -0.000000000000000000 ) ) ;
#897 = CYLINDRICAL_SURFACE ( 'NONE', #1684, 3.000000000000000000 ) ;
#898 = AXIS2_PLACEMENT_3D ( 'NONE', #1658, #470, #68 ) ;
#899 = ADVANCED_FACE ( 'NONE', ( #838 ), #614, .F. ) ;
#900 = ORIENTED_EDGE ( 'NONE', *, *, #1699, .T. ) ;
#901 = ORIENTED_EDGE ( 'NONE', *, *, #254, .F. ) ;
#902 = CARTESIAN_POINT ( 'NONE',  ( -16.50100000000000122, -2.409545442950527860, 37.25954544295044002 ) ) ;
#903 = SURFACE_STYLE_USAGE ( .BOTH. , #373 ) ;
#904 = ORIENTED_EDGE ( 'NONE', *, *, #521, .T. ) ;
#905 = FACE_OUTER_BOUND ( 'NONE', #1615, .T. ) ;
#906 = AXIS2_PLACEMENT_3D ( 'NONE', #829, #166, #135 ) ;
#907 = ORIENTED_EDGE ( 'NONE', *, *, #43, .T. ) ;
#908 = VECTOR ( 'NONE', #2, 1000.000000000000000 ) ;
#909 = EDGE_LOOP ( 'NONE', ( #57, #930 ) ) ;
#910 = VERTEX_POINT ( 'NONE', #1593 ) ;
#911 = DIRECTION ( 'NONE',  ( 0.000000000000000000, 0.000000000000000000, 1.000000000000000000 ) ) ;
#912 = ORIENTED_EDGE ( 'NONE', *, *, #212, .T. ) ;
#913 = CARTESIAN_POINT ( 'NONE',  ( -1.499999999999999556, -2.409545442950532745, 21.09045455704954719 ) ) ;
#914 = ORIENTED_EDGE ( 'NONE', *, *, #1506, .F. ) ;
#915 = ORIENTED_EDGE ( 'NONE', *, *, #1050, .T. ) ;
#916 = AXIS2_PLACEMENT_3D ( 'NONE', #885, #486, #385 ) ;
#917 = DIRECTION ( 'NONE',  ( 0.000000000000000000, 0.000000000000000000, -1.000000000000000000 ) ) ;
#918 = ORIENTED_EDGE ( 'NONE', *, *, #1051, .F. ) ;
#919 = AXIS2_PLACEMENT_3D ( 'NONE', #1361, #1370, #179 ) ;
#920 = LINE ( 'NONE', #1585, #84 ) ;
#921 = ORIENTED_EDGE ( 'NONE', *, *, #820, .F. ) ;
#922 = DIRECTION ( 'NONE',  ( 0.000000000000000000, 1.000000000000000000, 0.000000000000000000 ) ) ;
#923 = EDGE_LOOP ( 'NONE', ( #545, #260, #859, #1605 ) ) ;
#924 = ORIENTED_EDGE ( 'NONE', *, *, #277, .T. ) ;
#925 = DIRECTION ( 'NONE',  ( 0.000000000000000000, 0.000000000000000000, -1.000000000000000000 ) ) ;
#926 = VERTEX_POINT ( 'NONE', #126 ) ;
#927 = AXIS2_PLACEMENT_3D ( 'NONE', #799, #1446, #1321 ) ;
#928 = AXIS2_PLACEMENT_3D ( 'NONE', #1233, #1007, #50 ) ;
#929 = CYLINDRICAL_SURFACE ( 'NONE', #1319, 10.00000000000000178 ) ;
#930 = ORIENTED_EDGE ( 'NONE', *, *, #478, .F. ) ;
#931 = CARTESIAN_POINT ( 'NONE',  ( -16.50100000000000122, 6.500000000000016875, 33.99999999999999289 ) ) ;
#932 = EDGE_CURVE ( 'NONE', #185, #790, #297, .T. ) ;
#933 = ORIENTED_EDGE ( 'NONE', *, *, #254, .T. ) ;
#934 = DIRECTION ( 'NONE',  ( 0.000000000000000000, -1.000000000000000000, -1.746201397408411042E-19 ) ) ;
#935 = DIRECTION ( 'NONE',  ( -0.000000000000000000, -0.000000000000000000, 1.000000000000000000 ) ) ;
#936 = ORIENTED_EDGE ( 'NONE', *, *, #1245, .F. ) ;
#937 = LINE ( 'NONE', #948, #463 ) ;
#938 = VERTEX_POINT ( 'NONE', #956 ) ;
#939 = CIRCLE ( 'NONE', #93, 3.000000000000000000 ) ;
#940 = CIRCLE ( 'NONE', #1403, 1.649999999999995248 ) ;
#941 = DIRECTION ( 'NONE',  ( 0.000000000000000000, 0.000000000000000000, 1.000000000000000000 ) ) ;
#942 = ORIENTED_EDGE ( 'NONE', *, *, #1600, .F. ) ;
#943 = CARTESIAN_POINT ( 'NONE',  ( -16.50100000000000122, -2.409545442950527860, 38.90954544295045281 ) ) ;
#944 = ORIENTED_EDGE ( 'NONE', *, *, #653, .F. ) ;
#945 = CARTESIAN_POINT ( 'NONE',  ( 0.000000000000000000, 0.000000000000000000, 17.49999999999999645 ) ) ;
#946 = LINE ( 'NONE', #1470, #326 ) ;
#947 = ORIENTED_EDGE ( 'NONE', *, *, #1629, .T. ) ;
#948 = CARTESIAN_POINT ( 'NONE',  ( 9.999999999999996447, -31.99999999999997158, 51.50000000000000711 ) ) ;
#949 = CARTESIAN_POINT ( 'NONE',  ( -1.499999999999999778, -6.049999999999985612, 31.65000000000000568 ) ) ;
#950 = EDGE_CURVE ( 'NONE', #1311, #490, #1197, .T. ) ;
#951 = CARTESIAN_POINT ( 'NONE',  ( 1.500000000000000222, -34.99999999999999289, 0.000000000000000000 ) ) ;
#952 = CIRCLE ( 'NONE', #56, 1.650000000000005684 ) ;
#953 = CIRCLE ( 'NONE', #140, 1.649999999999995248 ) ;
#954 = DIRECTION ( 'NONE',  ( 1.000000000000000000, -0.000000000000000000, -0.000000000000000000 ) ) ;
#955 = EDGE_LOOP ( 'NONE', ( #1587, #987 ) ) ;
#956 = CARTESIAN_POINT ( 'NONE',  ( -6.500000000000000888, -34.99999999999999289, 0.000000000000000000 ) ) ;
#957 = VERTEX_POINT ( 'NONE', #409 ) ;
#958 = CARTESIAN_POINT ( 'NONE',  ( -16.50000000000000000, -31.99999999999998579, 60.00000000000000000 ) ) ;
#959 = CARTESIAN_POINT ( 'NONE',  ( 1.500000000000000222, 35.00000000000001421, 49.99999999999999289 ) ) ;
#960 = CYLINDRICAL_SURFACE ( 'NONE', #761, 1.500000000000001332 ) ;
#961 = EDGE_LOOP ( 'NONE', ( #798, #1505, #788, #892 ) ) ;
#962 = CARTESIAN_POINT ( 'NONE',  ( -1.499999999999999778, 35.00000000000001421, 10.00000000000000178 ) ) ;
#963 = EDGE_CURVE ( 'NONE', #114, #115, #937, .T. ) ;
#964 = ORIENTED_EDGE ( 'NONE', *, *, #354, .T. ) ;
#965 = EDGE_CURVE ( 'NONE', #688, #671, #1579, .T. ) ;
#966 = DIRECTION ( 'NONE',  ( -0.000000000000000000, 0.000000000000000000, -1.000000000000000000 ) ) ;
#967 = VECTOR ( 'NONE', #1174, 1000.000000000000000 ) ;
#968 = DIRECTION ( 'NONE',  ( 0.000000000000000000, 1.000000000000000000, 0.000000000000000000 ) ) ;
#969 = EDGE_CURVE ( 'NONE', #671, #1257, #1314, .T. ) ;
#970 = DIRECTION ( 'NONE',  ( 0.000000000000000000, 0.000000000000000000, 1.000000000000000000 ) ) ;
#971 = DIRECTION ( 'NONE',  ( 1.000000000000000000, 0.000000000000000000, 0.000000000000000000 ) ) ;
#972 = ORIENTED_EDGE ( 'NONE', *, *, #932, .T. ) ;
#973 = AXIS2_PLACEMENT_3D ( 'NONE', #780, #142, #917 ) ;
#974 = AXIS2_PLACEMENT_3D ( 'NONE', #232, #1524, #891 ) ;
#975 = EDGE_CURVE ( 'NONE', #1720, #114, #1210, .T. ) ;
#976 = LINE ( 'NONE', #958, #733 ) ;
#977 = FACE_OUTER_BOUND ( 'NONE', #923, .T. ) ;
#978 = CARTESIAN_POINT ( 'NONE',  ( 1.500000000000000444, -6.049999999999985612, 28.34999999999999787 ) ) ;
#979 = PLANE ( 'NONE',  #1536 ) ;
#980 = ORIENTED_EDGE ( 'NONE', *, *, #407, .T. ) ;
#981 = PRODUCT_DEFINITION_FORMATION_WITH_SPECIFIED_SOURCE ( '任何', '', #436, .NOT_KNOWN. ) ;
#982 = DIRECTION ( 'NONE',  ( 0.000000000000000000, 0.000000000000000000, -1.000000000000000000 ) ) ;
#983 = CARTESIAN_POINT ( 'NONE',  ( 6.500000000000000888, -34.99999999999999289, 0.000000000000000000 ) ) ;
#984 = AXIS2_PLACEMENT_3D ( 'NONE', #1527, #1260, #76 ) ;
#985 = DIRECTION ( 'NONE',  ( 0.000000000000000000, 0.000000000000000000, -1.000000000000000000 ) ) ;
#986 = CARTESIAN_POINT ( 'NONE',  ( 4.500000000000000888, -28.99999999999998934, 0.000000000000000000 ) ) ;
#987 = ORIENTED_EDGE ( 'NONE', *, *, #1445, .F. ) ;
#988 = CARTESIAN_POINT ( 'NONE',  ( 1.500000000000000444, 19.05000000000001847, 28.34999999999999787 ) ) ;
#989 = CIRCLE ( 'NONE', #1145, 1.500000000000001332 ) ;
#990 = VERTEX_POINT ( 'NONE', #1716 ) ;
#991 = CARTESIAN_POINT ( 'NONE',  ( -9.999999999999996447, -31.99999999999997158, 50.00000000000000000 ) ) ;
#992 = DIRECTION ( 'NONE',  ( -1.000000000000000000, 0.000000000000000000, -0.000000000000000000 ) ) ;
#993 = FACE_BOUND ( 'NONE', #1122, .T. ) ;
#994 = CARTESIAN_POINT ( 'NONE',  ( 9.999999999999996447, -34.99999999999997868, 48.50000000000000000 ) ) ;
#995 = EDGE_CURVE ( 'NONE', #850, #632, #1607, .T. ) ;
#996 = CARTESIAN_POINT ( 'NONE',  ( -1.499999999999999556, -2.409545442950532745, 19.44045455704955216 ) ) ;
#997 = ORIENTED_EDGE ( 'NONE', *, *, #1170, .T. ) ;
#998 = CARTESIAN_POINT ( 'NONE',  ( 4.500000000000000888, -28.99999999999998934, 17.49999999999999645 ) ) ;
#999 = FACE_OUTER_BOUND ( 'NONE', #1, .T. ) ;
#1000 = FACE_OUTER_BOUND ( 'NONE', #147, .T. ) ;
#1001 = CIRCLE ( 'NONE', #1364, 1.500000000000001332 ) ;
#1002 = CYLINDRICAL_SURFACE ( 'NONE', #1718, 1.649999999999998579 ) ;
#1003 = FACE_OUTER_BOUND ( 'NONE', #742, .T. ) ;
#1004 = ORIENTED_EDGE ( 'NONE', *, *, #283, .T. ) ;
#1005 = DIRECTION ( 'NONE',  ( 1.000000000000000000, -0.000000000000000000, -0.000000000000000000 ) ) ;
#1006 = CIRCLE ( 'NONE', #927, 1.650000000000012568 ) ;
#1007 = DIRECTION ( 'NONE',  ( 0.000000000000000000, 0.000000000000000000, 1.000000000000000000 ) ) ;
#1008 = DIRECTION ( 'NONE',  ( -0.000000000000000000, -1.000000000000000000, -1.746201397408411042E-19 ) ) ;
#1009 = EDGE_CURVE ( 'NONE', #1304, #177, #423, .T. ) ;
#1010 = EDGE_CURVE ( 'NONE', #1345, #1036, #1472, .T. ) ;
#1011 = CARTESIAN_POINT ( 'NONE',  ( -1.499999999999999778, 25.00000000000001421, 0.000000000000000000 ) ) ;
#1012 = ORIENTED_EDGE ( 'NONE', *, *, #709, .T. ) ;
#1013 = LINE ( 'NONE', #1555, #290 ) ;
#1014 = EDGE_CURVE ( 'NONE', #185, #1222, #1060, .T. ) ;
#1015 = CARTESIAN_POINT ( 'NONE',  ( -4.500000000000000000, -28.99999999999998934, 60.00000000000000000 ) ) ;
#1016 = VECTOR ( 'NONE', #840, 1000.000000000000000 ) ;
#1017 = EDGE_CURVE ( 'NONE', #1575, #1432, #697, .T. ) ;
#1018 = EDGE_CURVE ( 'NONE', #408, #37, #1623, .T. ) ;
#1019 = LINE ( 'NONE', #741, #881 ) ;
#1020 = VECTOR ( 'NONE', #1256, 1000.000000000000000 ) ;
#1021 = ORIENTED_EDGE ( 'NONE', *, *, #478, .T. ) ;
#1022 = DIRECTION ( 'NONE',  ( 0.000000000000000000, 0.000000000000000000, 1.000000000000000000 ) ) ;
#1023 = DIRECTION ( 'NONE',  ( 0.000000000000000000, -1.000000000000000000, 1.746201397408411042E-19 ) ) ;
#1024 = DIRECTION ( 'NONE',  ( -0.000000000000000000, -1.000000000000000000, 0.000000000000000000 ) ) ;
#1025 = CIRCLE ( 'NONE', #335, 1.649999999999998579 ) ;
#1026 = EDGE_CURVE ( 'NONE', #9, #632, #1562, .T. ) ;
#1027 = AXIS2_PLACEMENT_3D ( 'NONE', #217, #1682, #235 ) ;
#1028 = AXIS2_PLACEMENT_3D ( 'NONE', #449, #1475, #982 ) ;
#1029 = CARTESIAN_POINT ( 'NONE',  ( -16.50000000000000000, 0.000000000000000000, 0.000000000000000000 ) ) ;
#1030 = ORIENTED_EDGE ( 'NONE', *, *, #123, .F. ) ;
#1031 = FILL_AREA_STYLE_COLOUR ( '', #1418 ) ;
#1032 = SURFACE_STYLE_FILL_AREA ( #650 ) ;
#1033 = DIRECTION ( 'NONE',  ( 8.131516293641283255E-17, -1.000000000000000000, -0.000000000000000000 ) ) ;
#1034 = VERTEX_POINT ( 'NONE', #817 ) ;
#1035 = DIRECTION ( 'NONE',  ( -1.000000000000000000, 0.000000000000000000, 0.000000000000000000 ) ) ;
#1036 = VERTEX_POINT ( 'NONE', #962 ) ;
#1037 = FACE_OUTER_BOUND ( 'NONE', #66, .T. ) ;
#1038 = FACE_OUTER_BOUND ( 'NONE', #1693, .T. ) ;
#1039 = EDGE_LOOP ( 'NONE', ( #1089, #921, #663, #331 ) ) ;
#1040 = DIRECTION ( 'NONE',  ( 0.000000000000000000, 0.000000000000000000, -1.000000000000000000 ) ) ;
#1041 = ORIENTED_EDGE ( 'NONE', *, *, #259, .T. ) ;
#1042 = CIRCLE ( 'NONE', #666, 1.500000000000001332 ) ;
#1043 = EDGE_CURVE ( 'NONE', #1713, #1497, #1209, .T. ) ;
#1044 = FACE_BOUND ( 'NONE', #909, .T. ) ;
#1045 = ORIENTED_EDGE ( 'NONE', *, *, #1088, .T. ) ;
#1046 = DIRECTION ( 'NONE',  ( 0.000000000000000000, -1.000000000000000000, 0.000000000000000000 ) ) ;
#1047 = EDGE_LOOP ( 'NONE', ( #638, #1519, #1171, #1569 ) ) ;
#1048 = CARTESIAN_POINT ( 'NONE',  ( 1.500000000000000222, -2.409545442950532745, 22.74045455704954222 ) ) ;
#1049 = AXIS2_PLACEMENT_3D ( 'NONE', #991, #67, #199 ) ;
#1050 = EDGE_CURVE ( 'NONE', #112, #1497, #21, .T. ) ;
#1051 = EDGE_CURVE ( 'NONE', #1514, #1575, #120, .T. ) ;
#1052 = FACE_OUTER_BOUND ( 'NONE', #1462, .T. ) ;
#1053 = ORIENTED_EDGE ( 'NONE', *, *, #720, .F. ) ;
#1054 = AXIS2_PLACEMENT_3D ( 'NONE', #81, #1005, #96 ) ;
#1055 = ORIENTED_EDGE ( 'NONE', *, *, #488, .F. ) ;
#1056 = CYLINDRICAL_SURFACE ( 'NONE', #1185, 1.500000000000001332 ) ;
#1057 = DIRECTION ( 'NONE',  ( -0.000000000000000000, -0.000000000000000000, -1.000000000000000000 ) ) ;
#1058 = VERTEX_POINT ( 'NONE', #1048 ) ;
#1059 = ORIENTED_EDGE ( 'NONE', *, *, #820, .T. ) ;
#1060 = LINE ( 'NONE', #1464, #967 ) ;
#1061 = AXIS2_PLACEMENT_3D ( 'NONE', #1207, #821, #34 ) ;
#1062 = AXIS2_PLACEMENT_3D ( 'NONE', #848, #1637, #1374 ) ;
#1063 = EDGE_LOOP ( 'NONE', ( #27, #1719, #328, #540 ) ) ;
#1064 = ORIENTED_EDGE ( 'NONE', *, *, #1629, .F. ) ;
#1065 = DIRECTION ( 'NONE',  ( 1.000000000000000000, -0.000000000000000000, -0.000000000000000000 ) ) ;
#1066 = ORIENTED_EDGE ( 'NONE', *, *, #965, .T. ) ;
#1067 = LINE ( 'NONE', #250, #526 ) ;
#1068 = DIRECTION ( 'NONE',  ( 1.000000000000000000, 0.000000000000000000, -0.000000000000000000 ) ) ;
#1069 = VERTEX_POINT ( 'NONE', #831 ) ;
#1070 = DIRECTION ( 'NONE',  ( 1.000000000000000000, -0.000000000000000000, -0.000000000000000000 ) ) ;
#1071 = AXIS2_PLACEMENT_3D ( 'NONE', #1195, #935, #667 ) ;
#1072 = EDGE_CURVE ( 'NONE', #1036, #396, #1231, .T. ) ;
#1073 = CYLINDRICAL_SURFACE ( 'NONE', #1543, 10.00000000000000000 ) ;
#1074 = FACE_OUTER_BOUND ( 'NONE', #386, .T. ) ;
#1075 = CARTESIAN_POINT ( 'NONE',  ( -16.50100000000000122, 15.40954544295055584, 38.90954544295045991 ) ) ;
#1076 = ORIENTED_EDGE ( 'NONE', *, *, #1566, .T. ) ;
#1077 = CARTESIAN_POINT ( 'NONE',  ( 1.500000000000000222, 25.00000000000001421, 49.99999999999999289 ) ) ;
#1078 = VERTEX_POINT ( 'NONE', #1453 ) ;
#1079 = EDGE_CURVE ( 'NONE', #536, #874, #480, .T. ) ;
#1080 = AXIS2_PLACEMENT_3D ( 'NONE', #1180, #694, #554 ) ;
#1081 = FACE_OUTER_BOUND ( 'NONE', #1376, .T. ) ;
#1082 = EDGE_CURVE ( 'NONE', #671, #957, #1172, .T. ) ;
#1083 = CARTESIAN_POINT ( 'NONE',  ( 1.500000000000000222, -34.99999999999999289, 60.00000000000000000 ) ) ;
#1084 = AXIS2_PLACEMENT_3D ( 'NONE', #477, #1526, #1138 ) ;
#1085 = DIRECTION ( 'NONE',  ( -1.000000000000000000, -0.000000000000000000, -0.000000000000000000 ) ) ;
#1086 = ORIENTED_EDGE ( 'NONE', *, *, #1010, .F. ) ;
#1087 = CARTESIAN_POINT ( 'NONE',  ( -16.50100000000000122, -2.409545442950527860, 40.55954544295046560 ) ) ;
#1088 = EDGE_CURVE ( 'NONE', #313, #1546, #1094, .T. ) ;
#1089 = ORIENTED_EDGE ( 'NONE', *, *, #875, .F. ) ;
#1090 = AXIS2_PLACEMENT_3D ( 'NONE', #634, #1563, #911 ) ;
#1091 = CARTESIAN_POINT ( 'NONE',  ( 1.500000000000000222, -2.409545442950527860, 40.55954544295046560 ) ) ;
#1092 = CARTESIAN_POINT ( 'NONE',  ( 1.500000000000000222, 25.00000000000001421, 60.00000000000000000 ) ) ;
#1093 = CARTESIAN_POINT ( 'NONE',  ( -4.500000000000000000, -28.99999999999998934, 42.49999999999999289 ) ) ;
#1094 = LINE ( 'NONE', #1667, #579 ) ;
#1095 = VERTEX_POINT ( 'NONE', #862 ) ;
#1096 = DIRECTION ( 'NONE',  ( -1.000000000000000000, -0.000000000000000000, -0.000000000000000000 ) ) ;
#1097 = VECTOR ( 'NONE', #537, 1000.000000000000000 ) ;
#1098 = PLANE ( 'NONE',  #1330 ) ;
#1099 = CARTESIAN_POINT ( 'NONE',  ( -6.500000000000000888, 0.000000000000000000, 0.000000000000000000 ) ) ;
#1100 = FACE_BOUND ( 'NONE', #1434, .T. ) ;
#1101 = ORIENTED_EDGE ( 'NONE', *, *, #1262, .T. ) ;
#1102 = VECTOR ( 'NONE', #1410, 1000.000000000000000 ) ;
#1103 = DIRECTION ( 'NONE',  ( 1.000000000000000000, -0.000000000000000000, -0.000000000000000000 ) ) ;
#1104 = ADVANCED_FACE ( 'NONE', ( #601 ), #856, .T. ) ;
#1105 = AXIS2_PLACEMENT_3D ( 'NONE', #1347, #153, #786 ) ;
#1106 = CARTESIAN_POINT ( 'NONE',  ( -1.499999999999999778, 19.05000000000001847, 30.00000000000000000 ) ) ;
#1107 = CARTESIAN_POINT ( 'NONE',  ( 9.999999999999996447, -31.99999999999997158, 50.00000000000000000 ) ) ;
#1108 = CIRCLE ( 'NONE', #1156, 3.000000000000000000 ) ;
#1109 = ORIENTED_EDGE ( 'NONE', *, *, #1581, .T. ) ;
#1110 = PLANE ( 'NONE',  #516 ) ;
#1111 = ORIENTED_EDGE ( 'NONE', *, *, #602, .T. ) ;
#1112 = VECTOR ( 'NONE', #474, 1000.000000000000000 ) ;
#1113 = DIRECTION ( 'NONE',  ( 0.000000000000000000, 0.000000000000000000, -1.000000000000000000 ) ) ;
#1114 = ORIENTED_EDGE ( 'NONE', *, *, #1581, .F. ) ;
#1115 = DIRECTION ( 'NONE',  ( -1.000000000000000000, 0.000000000000000000, 0.000000000000000000 ) ) ;
#1116 = DIRECTION ( 'NONE',  ( 0.000000000000000000, 0.000000000000000000, 1.000000000000000000 ) ) ;
#1117 = DIRECTION ( 'NONE',  ( 0.000000000000000000, 1.000000000000000000, 0.000000000000000000 ) ) ;
#1118 = EDGE_CURVE ( 'NONE', #503, #1317, #1227, .T. ) ;
#1119 = CARTESIAN_POINT ( 'NONE',  ( -1.500000000000000222, -23.99999999999998579, 42.49999999999999289 ) ) ;
#1120 = VECTOR ( 'NONE', #635, 1000.000000000000000 ) ;
#1121 = LINE ( 'NONE', #213, #366 ) ;
#1122 = EDGE_LOOP ( 'NONE', ( #1708, #1264 ) ) ;
#1123 = CARTESIAN_POINT ( 'NONE',  ( -1.500000000000000666, -28.99999999999998934, 17.49999999999999645 ) ) ;
#1124 = PLANE ( 'NONE',  #928 ) ;
#1125 = FACE_BOUND ( 'NONE', #1216, .T. ) ;
#1126 = DIRECTION ( 'NONE',  ( -1.000000000000000000, -0.000000000000000000, -0.000000000000000000 ) ) ;
#1127 = PLANE ( 'NONE',  #749 ) ;
#1128 = ORIENTED_EDGE ( 'NONE', *, *, #31, .F. ) ;
#1129 = AXIS2_PLACEMENT_3D ( 'NONE', #1015, #644, #514 ) ;
#1130 = DIRECTION ( 'NONE',  ( 1.000000000000000000, 1.156482317317871331E-15, 0.000000000000000000 ) ) ;
#1131 = ADVANCED_FACE ( 'NONE', ( #334, #592 ), #1110, .T. ) ;
#1132 = DIRECTION ( 'NONE',  ( 1.000000000000000000, -0.000000000000000000, -0.000000000000000000 ) ) ;
#1133 = LINE ( 'NONE', #1401, #1428 ) ;
#1134 = ADVANCED_FACE ( 'NONE', ( #993, #1252, #1125, #1100, #1000 ), #979, .F. ) ;
#1135 = EDGE_CURVE ( 'NONE', #519, #1556, #723, .T. ) ;
#1136 = DIRECTION ( 'NONE',  ( 0.000000000000000000, 0.000000000000000000, -1.000000000000000000 ) ) ;
#1137 = EDGE_LOOP ( 'NONE', ( #247, #1573 ) ) ;
#1138 = DIRECTION ( 'NONE',  ( -1.000000000000000000, 0.000000000000000000, 0.000000000000000000 ) ) ;
#1139 = FACE_BOUND ( 'NONE', #410, .T. ) ;
#1140 = CARTESIAN_POINT ( 'NONE',  ( -1.499999999999999556, 15.40954544295055584, 38.90954544295045991 ) ) ;
#1141 = EDGE_CURVE ( 'NONE', #938, #1622, #730, .T. ) ;
#1142 = CARTESIAN_POINT ( 'NONE',  ( 1.500000000000000666, -28.99999999999998934, 42.49999999999999289 ) ) ;
#1143 = EDGE_LOOP ( 'NONE', ( #1704, #376, #511, #1452 ) ) ;
#1144 = DIRECTION ( 'NONE',  ( -0.000000000000000000, -0.000000000000000000, -1.000000000000000000 ) ) ;
#1145 = AXIS2_PLACEMENT_3D ( 'NONE', #1342, #295, #970 ) ;
#1146 = CARTESIAN_POINT ( 'NONE',  ( 1.500000000000000444, -6.049999999999985612, 30.00000000000000000 ) ) ;
#1147 = EDGE_CURVE ( 'NONE', #583, #185, #1528, .T. ) ;
#1148 = CARTESIAN_POINT ( 'NONE',  ( -16.50000000000000000, -31.99999999999998579, 0.000000000000000000 ) ) ;
#1149 = VECTOR ( 'NONE', #1033, 1000.000000000000000 ) ;
#1150 = CARTESIAN_POINT ( 'NONE',  ( -9.999999999999996447, -31.99999999999997158, 8.499999999999989342 ) ) ;
#1151 = EDGE_LOOP ( 'NONE', ( #715, #618 ) ) ;
#1152 = DIRECTION ( 'NONE',  ( 0.000000000000000000, 0.000000000000000000, 1.000000000000000000 ) ) ;
#1153 = LINE ( 'NONE', #281, #344 ) ;
#1154 = DIRECTION ( 'NONE',  ( 0.000000000000000000, 0.000000000000000000, -1.000000000000000000 ) ) ;
#1155 = VERTEX_POINT ( 'NONE', #870 ) ;
#1156 = AXIS2_PLACEMENT_3D ( 'NONE', #748, #79, #1263 ) ;
#1157 = AXIS2_PLACEMENT_3D ( 'NONE', #1224, #826, #585 ) ;
#1158 = FACE_OUTER_BOUND ( 'NONE', #1455, .T. ) ;
#1159 = VERTEX_POINT ( 'NONE', #168 ) ;
#1160 = FACE_OUTER_BOUND ( 'NONE', #648, .T. ) ;
#1161 = ORIENTED_EDGE ( 'NONE', *, *, #451, .F. ) ;
#1162 = DIRECTION ( 'NONE',  ( -0.000000000000000000, -1.000000000000000000, 1.746201397408411042E-19 ) ) ;
#1163 = VERTEX_POINT ( 'NONE', #44 ) ;
#1164 = ORIENTED_EDGE ( 'NONE', *, *, #1072, .F. ) ;
#1165 = EDGE_CURVE ( 'NONE', #1069, #9, #1628, .T. ) ;
#1166 = EDGE_LOOP ( 'NONE', ( #239, #29, #1331, #1349, #1183 ) ) ;
#1167 = ORIENTED_EDGE ( 'NONE', *, *, #1082, .T. ) ;
#1168 = ORIENTED_EDGE ( 'NONE', *, *, #720, .T. ) ;
#1169 = FACE_OUTER_BOUND ( 'NONE', #1039, .T. ) ;
#1170 = EDGE_CURVE ( 'NONE', #396, #1239, #573, .T. ) ;
#1171 = ORIENTED_EDGE ( 'NONE', *, *, #1635, .F. ) ;
#1172 = CIRCLE ( 'NONE', #796, 10.00000000000000178 ) ;
#1173 = ORIENTED_EDGE ( 'NONE', *, *, #451, .T. ) ;
#1174 = DIRECTION ( 'NONE',  ( -0.8823529411764705621, 0.4705882352941176405, -0.000000000000000000 ) ) ;
#1175 = DIRECTION ( 'NONE',  ( 0.000000000000000000, 0.000000000000000000, 1.000000000000000000 ) ) ;
#1176 = ORIENTED_EDGE ( 'NONE', *, *, #351, .F. ) ;
#1177 = AXIS2_PLACEMENT_3D ( 'NONE', #1583, #1203, #770 ) ;
#1178 = AXIS2_PLACEMENT_3D ( 'NONE', #610, #1126, #346 ) ;
#1179 = ORIENTED_EDGE ( 'NONE', *, *, #230, .F. ) ;
#1180 = CARTESIAN_POINT ( 'NONE',  ( 1.500000000000000444, 19.05000000000001847, 30.00000000000000000 ) ) ;
#1181 = LINE ( 'NONE', #1494, #1377 ) ;
#1182 = ORIENTED_EDGE ( 'NONE', *, *, #1429, .F. ) ;
#1183 = ORIENTED_EDGE ( 'NONE', *, *, #481, .T. ) ;
#1184 = CARTESIAN_POINT ( 'NONE',  ( -9.999999999999996447, -31.99999999999997158, 48.50000000000000000 ) ) ;
#1185 = AXIS2_PLACEMENT_3D ( 'NONE', #405, #934, #145 ) ;
#1186 = EDGE_LOOP ( 'NONE', ( #419, #1680 ) ) ;
#1187 = ORIENTED_EDGE ( 'NONE', *, *, #722, .T. ) ;
#1188 = ORIENTED_EDGE ( 'NONE', *, *, #773, .F. ) ;
#1189 = EDGE_CURVE ( 'NONE', #696, #45, #1352, .T. ) ;
#1190 = VECTOR ( 'NONE', #240, 1000.000000000000000 ) ;
#1191 = CARTESIAN_POINT ( 'NONE',  ( -16.50000000000000000, -31.99999999999998579, 10.00000000000000000 ) ) ;
#1192 = EDGE_LOOP ( 'NONE', ( #964, #484, #100, #972 ) ) ;
#1193 = DIRECTION ( 'NONE',  ( 1.000000000000000000, -0.000000000000000000, -0.000000000000000000 ) ) ;
#1194 = UNCERTAINTY_MEASURE_WITH_UNIT (LENGTH_MEASURE( 1.000000000000000082E-05 ), #350, 'distance_accuracy_value', 'NONE');
#1195 = CARTESIAN_POINT ( 'NONE',  ( 4.500000000000000888, -28.99999999999998934, 0.000000000000000000 ) ) ;
#1196 = VERTEX_POINT ( 'NONE', #1496 ) ;
#1197 = LINE ( 'NONE', #159, #543 ) ;
#1198 = EDGE_CURVE ( 'NONE', #37, #1553, #327, .T. ) ;
#1199 = VERTEX_POINT ( 'NONE', #447 ) ;
#1200 = ADVANCED_FACE ( 'NONE', ( #582 ), #461, .F. ) ;
#1201 = PRESENTATION_STYLE_ASSIGNMENT (( #551 ) ) ;
#1202 = VECTOR ( 'NONE', #1381, 1000.000000000000000 ) ;
#1203 = DIRECTION ( 'NONE',  ( 1.000000000000000000, 0.000000000000000000, -0.000000000000000000 ) ) ;
#1204 = EDGE_LOOP ( 'NONE', ( #128, #1066, #270, #17, #1335, #1425, #1612, #253, #296, #197 ) ) ;
#1205 = DIRECTION ( 'NONE',  ( 0.000000000000000000, 0.000000000000000000, -1.000000000000000000 ) ) ;
#1206 = ADVANCED_FACE ( 'NONE', ( #83 ), #897, .F. ) ;
#1207 = CARTESIAN_POINT ( 'NONE',  ( -16.50100000000000122, 15.40954544295055584, 38.90954544295045991 ) ) ;
#1208 = ORIENTED_EDGE ( 'NONE', *, *, #1141, .T. ) ;
#1209 = LINE ( 'NONE', #557, #302 ) ;
#1210 = CIRCLE ( 'NONE', #1489, 1.500000000000001332 ) ;
#1211 = LINE ( 'NONE', #1633, #433 ) ;
#1212 = CARTESIAN_POINT ( 'NONE',  ( -16.50000000000000000, -31.99999999999998579, 17.49999999999999645 ) ) ;
#1213 = CARTESIAN_POINT ( 'NONE',  ( -1.499999999999999556, -2.409545442950527860, 38.90954544295045281 ) ) ;
#1214 = ORIENTED_EDGE ( 'NONE', *, *, #846, .T. ) ;
#1215 = DIRECTION ( 'NONE',  ( 0.000000000000000000, -1.000000000000000000, -1.746201397408411042E-19 ) ) ;
#1216 = EDGE_LOOP ( 'NONE', ( #1495, #676 ) ) ;
#1217 = AXIS2_PLACEMENT_3D ( 'NONE', #1341, #686, #1205 ) ;
#1218 = LINE ( 'NONE', #692, #1417 ) ;
#1219 = FACE_BOUND ( 'NONE', #712, .T. ) ;
#1220 = CARTESIAN_POINT ( 'NONE',  ( 6.500000000000000888, -34.99999999999999289, 60.00000000000000000 ) ) ;
#1221 = CARTESIAN_POINT ( 'NONE',  ( -16.50000000000000000, -31.99999999999998579, 49.99999999999999289 ) ) ;
#1222 = VERTEX_POINT ( 'NONE', #877 ) ;
#1223 = AXIS2_PLACEMENT_3D ( 'NONE', #1541, #896, #1407 ) ;
#1224 = CARTESIAN_POINT ( 'NONE',  ( -16.50000000000000000, -31.99999999999998579, 0.000000000000000000 ) ) ;
#1225 = LINE ( 'NONE', #41, #1574 ) ;
#1226 = CARTESIAN_POINT ( 'NONE',  ( 1.500000000000000666, -28.99999999999998934, 17.49999999999999645 ) ) ;
#1227 = LINE ( 'NONE', #1392, #417 ) ;
#1228 = ORIENTED_EDGE ( 'NONE', *, *, #975, .F. ) ;
#1229 = ADVANCED_FACE ( 'NONE', ( #905 ), #360, .F. ) ;
#1230 = PLANE ( 'NONE',  #1157 ) ;
#1231 = CIRCLE ( 'NONE', #353, 10.00000000000000000 ) ;
#1232 = DIRECTION ( 'NONE',  ( -0.000000000000000000, -1.000000000000000000, 1.746201397408411042E-19 ) ) ;
#1233 = CARTESIAN_POINT ( 'NONE',  ( 0.000000000000000000, 0.000000000000000000, 17.49999999999999645 ) ) ;
#1234 = ORIENTED_EDGE ( 'NONE', *, *, #497, .T. ) ;
#1235 = CARTESIAN_POINT ( 'NONE',  ( -1.499999999999999778, -34.99999999999999289, 0.000000000000000000 ) ) ;
#1236 = ORIENTED_EDGE ( 'NONE', *, *, #1010, .T. ) ;
#1237 = AXIS2_PLACEMENT_3D ( 'NONE', #489, #73, #1545 ) ;
#1238 = CARTESIAN_POINT ( 'NONE',  ( 1.500000000000000222, -28.99999999999998934, 0.000000000000000000 ) ) ;
#1239 = VERTEX_POINT ( 'NONE', #1423 ) ;
#1240 = FACE_OUTER_BOUND ( 'NONE', #276, .T. ) ;
#1241 = CARTESIAN_POINT ( 'NONE',  ( -6.500000000000000888, -34.99999999999999289, 60.00000000000000000 ) ) ;
#1242 = DIRECTION ( 'NONE',  ( 0.000000000000000000, 0.000000000000000000, -1.000000000000000000 ) ) ;
#1243 = ORIENTED_EDGE ( 'NONE', *, *, #1429, .T. ) ;
#1244 = VECTOR ( 'NONE', #1096, 1000.000000000000000 ) ;
#1245 = EDGE_CURVE ( 'NONE', #1720, #238, #1281, .T. ) ;
#1246 = DIRECTION ( 'NONE',  ( 0.000000000000000000, -1.000000000000000000, 1.746201397408411042E-19 ) ) ;
#1247 = EDGE_CURVE ( 'NONE', #394, #1078, #1463, .T. ) ;
#1248 = CARTESIAN_POINT ( 'NONE',  ( -6.500000000000000888, -31.99999999999998579, 60.00000000000000000 ) ) ;
#1249 = EDGE_LOOP ( 'NONE', ( #51, #1698 ) ) ;
#1250 = FACE_OUTER_BOUND ( 'NONE', #1143, .T. ) ;
#1251 = PLANE ( 'NONE',  #1062 ) ;
#1252 = FACE_BOUND ( 'NONE', #448, .T. ) ;
#1253 = LINE ( 'NONE', #1662, #368 ) ;
#1254 = EDGE_CURVE ( 'NONE', #1568, #790, #765, .T. ) ;
#1255 = VECTOR ( 'NONE', #1513, 1000.000000000000000 ) ;
#1256 = DIRECTION ( 'NONE',  ( 1.000000000000000000, -0.000000000000000000, -0.000000000000000000 ) ) ;
#1257 = VERTEX_POINT ( 'NONE', #219 ) ;
#1258 = CARTESIAN_POINT ( 'NONE',  ( 9.999999999999996447, -31.99999999999997158, 48.50000000000000000 ) ) ;
#1259 = EDGE_CURVE ( 'NONE', #1595, #1564, #1133, .T. ) ;
#1260 = DIRECTION ( 'NONE',  ( 0.000000000000000000, -1.000000000000000000, 0.000000000000000000 ) ) ;
#1261 = CARTESIAN_POINT ( 'NONE',  ( 1.500000000000000888, -31.99999999999998579, 17.49999999999999645 ) ) ;
#1262 = EDGE_CURVE ( 'NONE', #1058, #206, #940, .T. ) ;
#1263 = DIRECTION ( 'NONE',  ( 1.000000000000000000, 0.000000000000000000, 0.000000000000000000 ) ) ;
#1264 = ORIENTED_EDGE ( 'NONE', *, *, #1026, .F. ) ;
#1265 = CIRCLE ( 'NONE', #78, 1.500000000000001332 ) ;
#1266 = DIRECTION ( 'NONE',  ( 0.000000000000000000, 0.000000000000000000, -1.000000000000000000 ) ) ;
#1267 = EDGE_CURVE ( 'NONE', #206, #1058, #210, .T. ) ;
#1268 = CARTESIAN_POINT ( 'NONE',  ( -1.499999999999999778, -6.049999999999985612, 30.00000000000000000 ) ) ;
#1269 = DIRECTION ( 'NONE',  ( 0.000000000000000000, 0.000000000000000000, -1.000000000000000000 ) ) ;
#1270 = PLANE ( 'NONE',  #1644 ) ;
#1271 = ORIENTED_EDGE ( 'NONE', *, *, #151, .T. ) ;
#1272 = DIRECTION ( 'NONE',  ( 0.000000000000000000, 0.000000000000000000, -1.000000000000000000 ) ) ;
#1273 = DIRECTION ( 'NONE',  ( 0.000000000000000000, 0.000000000000000000, -1.000000000000000000 ) ) ;
#1274 = VECTOR ( 'NONE', #264, 1000.000000000000000 ) ;
#1275 = EDGE_CURVE ( 'NONE', #794, #1356, #693, .T. ) ;
#1276 = DIRECTION ( 'NONE',  ( -1.000000000000000000, 0.000000000000000000, 0.000000000000000000 ) ) ;
#1277 = EDGE_LOOP ( 'NONE', ( #299, #63 ) ) ;
#1278 = DIRECTION ( 'NONE',  ( 8.131516293641283255E-17, -1.000000000000000000, -0.000000000000000000 ) ) ;
#1279 = CIRCLE ( 'NONE', #853, 1.650000000000005684 ) ;
#1280 = DIRECTION ( 'NONE',  ( -1.000000000000000000, -0.000000000000000000, -0.000000000000000000 ) ) ;
#1281 = LINE ( 'NONE', #236, #268 ) ;
#1282 = ORIENTED_EDGE ( 'NONE', *, *, #568, .F. ) ;
#1283 = CYLINDRICAL_SURFACE ( 'NONE', #973, 1.650000000000012568 ) ;
#1284 = ORIENTED_EDGE ( 'NONE', *, *, #1135, .F. ) ;
#1285 = FACE_OUTER_BOUND ( 'NONE', #1486, .T. ) ;
#1286 = CARTESIAN_POINT ( 'NONE',  ( 1.500000000000000222, 6.500000000000015987, 30.00000000000000000 ) ) ;
#1287 = AXIS2_PLACEMENT_3D ( 'NONE', #271, #546, #1603 ) ;
#1288 = ORIENTED_EDGE ( 'NONE', *, *, #1325, .T. ) ;
#1289 = DIRECTION ( 'NONE',  ( 0.000000000000000000, 0.000000000000000000, -1.000000000000000000 ) ) ;
#1290 = ORIENTED_EDGE ( 'NONE', *, *, #1598, .T. ) ;
#1291 = EDGE_CURVE ( 'NONE', #150, #816, #1676, .T. ) ;
#1292 = ORIENTED_EDGE ( 'NONE', *, *, #699, .F. ) ;
#1293 = CIRCLE ( 'NONE', #863, 1.649999999999995248 ) ;
#1294 = APPLICATION_CONTEXT ( 'automotive_design' ) ;
#1295 = ORIENTED_EDGE ( 'NONE', *, *, #1072, .T. ) ;
#1296 = ORIENTED_EDGE ( 'NONE', *, *, #653, .T. ) ;
#1297 = DIRECTION ( 'NONE',  ( -0.000000000000000000, 1.000000000000000000, 0.000000000000000000 ) ) ;
#1298 = STYLED_ITEM ( 'NONE', ( #1430 ), #572 ) ;
#1299 = ORIENTED_EDGE ( 'NONE', *, *, #1165, .F. ) ;
#1300 = DIRECTION ( 'NONE',  ( 0.000000000000000000, 0.000000000000000000, -1.000000000000000000 ) ) ;
#1301 = ORIENTED_EDGE ( 'NONE', *, *, #538, .F. ) ;
#1302 = ORIENTED_EDGE ( 'NONE', *, *, #1050, .F. ) ;
#1303 = DIRECTION ( 'NONE',  ( 1.000000000000000000, 0.000000000000000000, 0.000000000000000000 ) ) ;
#1304 = VERTEX_POINT ( 'NONE', #242 ) ;
#1305 = ADVANCED_FACE ( 'NONE', ( #1038 ), #1557, .F. ) ;
#1306 = DIRECTION ( 'NONE',  ( -1.000000000000000000, 0.000000000000000000, 0.000000000000000000 ) ) ;
#1307 = ORIENTED_EDGE ( 'NONE', *, *, #624, .F. ) ;
#1308 = DIRECTION ( 'NONE',  ( 0.000000000000000000, 0.000000000000000000, 1.000000000000000000 ) ) ;
#1309 = EDGE_CURVE ( 'NONE', #591, #1497, #629, .T. ) ;
#1310 = CARTESIAN_POINT ( 'NONE',  ( 1.500000000000000222, 15.40954544295056472, 19.44045455704955216 ) ) ;
#1311 = VERTEX_POINT ( 'NONE', #1431 ) ;
#1312 = VECTOR ( 'NONE', #137, 1000.000000000000000 ) ;
#1313 = ORIENTED_EDGE ( 'NONE', *, *, #846, .F. ) ;
#1314 = LINE ( 'NONE', #823, #86 ) ;
#1315 = ORIENTED_EDGE ( 'NONE', *, *, #1416, .T. ) ;
#1316 = EDGE_CURVE ( 'NONE', #626, #1351, #672, .T. ) ;
#1317 = VERTEX_POINT ( 'NONE', #775 ) ;
#1318 = ORIENTED_EDGE ( 'NONE', *, *, #1619, .F. ) ;
#1319 = AXIS2_PLACEMENT_3D ( 'NONE', #1596, #1035, #1454 ) ;
#1320 = AXIS2_PLACEMENT_3D ( 'NONE', #603, #858, #72 ) ;
#1321 = DIRECTION ( 'NONE',  ( 0.000000000000000000, 0.000000000000000000, -1.000000000000000000 ) ) ;
#1322 = EDGE_CURVE ( 'NONE', #632, #9, #453, .T. ) ;
#1323 = EDGE_LOOP ( 'NONE', ( #95, #22, #768, #1327 ) ) ;
#1324 = FACE_OUTER_BOUND ( 'NONE', #138, .T. ) ;
#1325 = EDGE_CURVE ( 'NONE', #115, #238, #309, .T. ) ;
#1326 = DIRECTION ( 'NONE',  ( 0.000000000000000000, 0.000000000000000000, 1.000000000000000000 ) ) ;
#1327 = ORIENTED_EDGE ( 'NONE', *, *, #1517, .F. ) ;
#1328 = APPLICATION_CONTEXT ( 'automotive_design' ) ;
#1329 = DIRECTION ( 'NONE',  ( -0.000000000000000000, -0.000000000000000000, -1.000000000000000000 ) ) ;
#1330 = AXIS2_PLACEMENT_3D ( 'NONE', #1492, #1115, #847 ) ;
#1331 = ORIENTED_EDGE ( 'NONE', *, *, #588, .T. ) ;
#1332 = ORIENTED_EDGE ( 'NONE', *, *, #1018, .T. ) ;
#1333 = VECTOR ( 'NONE', #1548, 1000.000000000000000 ) ;
#1334 = DIRECTION ( 'NONE',  ( 0.000000000000000000, 0.000000000000000000, -1.000000000000000000 ) ) ;
#1335 = ORIENTED_EDGE ( 'NONE', *, *, #1506, .T. ) ;
#1336 = VECTOR ( 'NONE', #734, 1000.000000000000000 ) ;
#1337 = ADVANCED_FACE ( 'NONE', ( #493 ), #105, .F. ) ;
#1338 = STYLED_ITEM ( 'NONE', ( #1201 ), #275 ) ;
#1339 = FACE_OUTER_BOUND ( 'NONE', #1709, .T. ) ;
#1340 = ORIENTED_EDGE ( 'NONE', *, *, #351, .T. ) ;
#1341 = CARTESIAN_POINT ( 'NONE',  ( -16.50100000000000122, 15.40954544295056472, 21.09045455704954719 ) ) ;
#1342 = CARTESIAN_POINT ( 'NONE',  ( 9.999999999999996447, -34.99999999999997868, 9.999999999999991118 ) ) ;
#1343 = ORIENTED_EDGE ( 'NONE', *, *, #1118, .T. ) ;
#1344 = DIRECTION ( 'NONE',  ( 0.000000000000000000, 0.000000000000000000, -1.000000000000000000 ) ) ;
#1345 = VERTEX_POINT ( 'NONE', #1534 ) ;
#1346 = DIRECTION ( 'NONE',  ( -0.000000000000000000, -1.000000000000000000, -0.000000000000000000 ) ) ;
#1347 = CARTESIAN_POINT ( 'NONE',  ( -1.500000000000000222, -23.99999999999998579, 42.49999999999999289 ) ) ;
#1348 = CARTESIAN_POINT ( 'NONE',  ( 4.500000000000000888, -31.99999999999998579, 0.000000000000000000 ) ) ;
#1349 = ORIENTED_EDGE ( 'NONE', *, *, #1689, .T. ) ;
#1350 = CARTESIAN_POINT ( 'NONE',  ( 9.999999999999996447, -31.99999999999997158, 50.00000000000000000 ) ) ;
#1351 = VERTEX_POINT ( 'NONE', #1415 ) ;
#1352 = CIRCLE ( 'NONE', #70, 1.649999999999995248 ) ;
#1353 = DIRECTION ( 'NONE',  ( -1.000000000000000000, 0.000000000000000000, -0.000000000000000000 ) ) ;
#1354 = CARTESIAN_POINT ( 'NONE',  ( -9.999999999999996447, -34.99999999999997868, 9.999999999999991118 ) ) ;
#1355 = DIRECTION ( 'NONE',  ( -0.000000000000000000, -1.000000000000000000, -0.000000000000000000 ) ) ;
#1356 = VERTEX_POINT ( 'NONE', #1576 ) ;
#1357 = CARTESIAN_POINT ( 'NONE',  ( -1.499999999999999778, 25.00000000000001421, 10.00000000000000178 ) ) ;
#1358 = ORIENTED_EDGE ( 'NONE', *, *, #842, .F. ) ;
#1359 = ADVANCED_FACE ( 'NONE', ( #1324 ), #392, .F. ) ;
#1360 = AXIS2_PLACEMENT_3D ( 'NONE', #316, #710, #164 ) ;
#1361 = CARTESIAN_POINT ( 'NONE',  ( 0.000000000000000000, 0.000000000000000000, 0.000000000000000000 ) ) ;
#1362 = FACE_BOUND ( 'NONE', #955, .T. ) ;
#1363 = FACE_BOUND ( 'NONE', #262, .T. ) ;
#1364 = AXIS2_PLACEMENT_3D ( 'NONE', #1406, #894, #1540 ) ;
#1365 = EDGE_CURVE ( 'NONE', #926, #1058, #561, .T. ) ;
#1366 = DIRECTION ( 'NONE',  ( 0.000000000000000000, 0.000000000000000000, -1.000000000000000000 ) ) ;
#1367 = CARTESIAN_POINT ( 'NONE',  ( 16.50000000000000000, -34.99999999999999289, 0.000000000000000000 ) ) ;
#1368 = ORIENTED_EDGE ( 'NONE', *, *, #466, .F. ) ;
#1369 = VECTOR ( 'NONE', #59, 1000.000000000000000 ) ;
#1370 = DIRECTION ( 'NONE',  ( 0.000000000000000000, 0.000000000000000000, 1.000000000000000000 ) ) ;
#1371 = LINE ( 'NONE', #55, #889 ) ;
#1372 = AXIS2_PLACEMENT_3D ( 'NONE', #738, #454, #1503 ) ;
#1373 = CARTESIAN_POINT ( 'NONE',  ( -1.499999999999999778, -34.99999999999999289, 0.000000000000000000 ) ) ;
#1374 = DIRECTION ( 'NONE',  ( 0.000000000000000000, -0.000000000000000000, -1.000000000000000000 ) ) ;
#1375 = DIRECTION ( 'NONE',  ( -0.000000000000000000, -0.000000000000000000, -1.000000000000000000 ) ) ;
#1376 = EDGE_LOOP ( 'NONE', ( #1441, #1187, #289, #882 ) ) ;
#1377 = VECTOR ( 'NONE', #1725, 1000.000000000000000 ) ;
#1378 = DIRECTION ( 'NONE',  ( 0.000000000000000000, 0.000000000000000000, 1.000000000000000000 ) ) ;
#1379 = LINE ( 'NONE', #860, #616 ) ;
#1380 = EDGE_CURVE ( 'NONE', #214, #1239, #1459, .T. ) ;
#1381 = DIRECTION ( 'NONE',  ( -1.000000000000000000, -0.000000000000000000, -0.000000000000000000 ) ) ;
#1382 = DIRECTION ( 'NONE',  ( 0.000000000000000000, 0.000000000000000000, 1.000000000000000000 ) ) ;
#1383 = EDGE_LOOP ( 'NONE', ( #1368, #924, #785, #1710 ) ) ;
#1384 = ADVANCED_FACE ( 'NONE', ( #652 ), #10, .F. ) ;
#1385 = CARTESIAN_POINT ( 'NONE',  ( 9.999999999999996447, -31.99999999999997158, 11.49999999999999289 ) ) ;
#1386 = CARTESIAN_POINT ( 'NONE',  ( -1.499999999999999778, -34.99999999999999289, 60.00000000000000000 ) ) ;
#1387 = EDGE_LOOP ( 'NONE', ( #612, #1723 ) ) ;
#1388 = EDGE_CURVE ( 'NONE', #990, #1564, #362, .T. ) ;
#1389 = CARTESIAN_POINT ( 'NONE',  ( -1.499999999999999556, 15.40954544295056472, 22.74045455704954222 ) ) ;
#1390 = LINE ( 'NONE', #607, #402 ) ;
#1391 = CIRCLE ( 'NONE', #864, 1.650000000000005684 ) ;
#1392 = CARTESIAN_POINT ( 'NONE',  ( -1.500000000000000222, -23.99999999999998579, 42.49999999999999289 ) ) ;
#1393 = AXIS2_PLACEMENT_3D ( 'NONE', #434, #1103, #458 ) ;
#1394 = EDGE_CURVE ( 'NONE', #422, #793, #1067, .T. ) ;
#1395 = DIRECTION ( 'NONE',  ( -0.000000000000000000, -1.000000000000000000, 0.000000000000000000 ) ) ;
#1396 = ADVANCED_FACE ( 'NONE', ( #1169 ), #1610, .T. ) ;
#1397 = CARTESIAN_POINT ( 'NONE',  ( -16.50100000000000122, 6.500000000000015987, 26.00000000000000000 ) ) ;
#1398 = ORIENTED_EDGE ( 'NONE', *, *, #473, .F. ) ;
#1399 = CARTESIAN_POINT ( 'NONE',  ( -6.500000000000000888, -34.99999999999999289, 49.99999999999999289 ) ) ;
#1400 = FACE_BOUND ( 'NONE', #53, .T. ) ;
#1401 = CARTESIAN_POINT ( 'NONE',  ( -9.999999999999996447, -31.99999999999997158, 11.49999999999999289 ) ) ;
#1402 = DIRECTION ( 'NONE',  ( 0.000000000000000000, 0.000000000000000000, 1.000000000000000000 ) ) ;
#1403 = AXIS2_PLACEMENT_3D ( 'NONE', #90, #621, #760 ) ;
#1404 = DIRECTION ( 'NONE',  ( 0.000000000000000000, 0.000000000000000000, 1.000000000000000000 ) ) ;
#1405 = VERTEX_POINT ( 'NONE', #664 ) ;
#1406 = CARTESIAN_POINT ( 'NONE',  ( -9.999999999999996447, -31.99999999999997158, 50.00000000000000000 ) ) ;
#1407 = DIRECTION ( 'NONE',  ( 0.000000000000000000, 0.000000000000000000, -1.000000000000000000 ) ) ;
#1408 = DIRECTION ( 'NONE',  ( 0.000000000000000000, -1.000000000000000000, -1.746201397408411042E-19 ) ) ;
#1409 = AXIS2_PLACEMENT_3D ( 'NONE', #482, #203, #337 ) ;
#1410 = DIRECTION ( 'NONE',  ( -0.000000000000000000, -1.000000000000000000, -0.000000000000000000 ) ) ;
#1411 = ORIENTED_EDGE ( 'NONE', *, *, #521, .F. ) ;
#1412 = AXIS2_PLACEMENT_3D ( 'NONE', #1354, #968, #443 ) ;
#1413 = CARTESIAN_POINT ( 'NONE',  ( -16.50000000000000000, -31.99999999999998579, 42.49999999999999289 ) ) ;
#1414 = FACE_OUTER_BOUND ( 'NONE', #80, .T. ) ;
#1415 = CARTESIAN_POINT ( 'NONE',  ( 1.500000000000000222, 15.40954544295055584, 40.55954544295047981 ) ) ;
#1416 = EDGE_CURVE ( 'NONE', #1199, #790, #261, .T. ) ;
#1417 = VECTOR ( 'NONE', #966, 1000.000000000000000 ) ;
#1418 = COLOUR_RGB ( '',1.000000000000000000, 1.000000000000000000, 1.000000000000000000 ) ;
#1419 = CARTESIAN_POINT ( 'NONE',  ( -1.499999999999999778, -6.049999999999985612, 30.00000000000000000 ) ) ;
#1420 = ORIENTED_EDGE ( 'NONE', *, *, #575, .F. ) ;
#1421 = APPLICATION_PROTOCOL_DEFINITION ( 'draft international standard', 'automotive_design', 1998, #1294 ) ;
#1422 = CARTESIAN_POINT ( 'NONE',  ( -1.499999999999999778, -23.99999999999998579, 42.49999999999999289 ) ) ;
#1423 = CARTESIAN_POINT ( 'NONE',  ( 1.500000000000000222, 25.00000000000001421, 0.000000000000000000 ) ) ;
#1424 = CIRCLE ( 'NONE', #1372, 3.000000000000000000 ) ;
#1425 = ORIENTED_EDGE ( 'NONE', *, *, #1017, .T. ) ;
#1426 = ORIENTED_EDGE ( 'NONE', *, *, #1198, .F. ) ;
#1427 = CARTESIAN_POINT ( 'NONE',  ( -6.500000000000000888, 0.000000000000000000, 10.00000000000000000 ) ) ;
#1428 = VECTOR ( 'NONE', #1162, 1000.000000000000000 ) ;
#1429 = EDGE_CURVE ( 'NONE', #476, #287, #777, .T. ) ;
#1430 = PRESENTATION_STYLE_ASSIGNMENT (( #903 ) ) ;
#1431 = CARTESIAN_POINT ( 'NONE',  ( -6.500000000000000888, -31.99999999999998579, 0.000000000000000000 ) ) ;
#1432 = VERTEX_POINT ( 'NONE', #1588 ) ;
#1433 = CARTESIAN_POINT ( 'NONE',  ( 8.500000000000000000, 19.05000000000001847, 30.00000000000000000 ) ) ;
#1434 = EDGE_LOOP ( 'NONE', ( #822, #464 ) ) ;
#1435 = DIRECTION ( 'NONE',  ( 0.000000000000000000, 0.000000000000000000, 1.000000000000000000 ) ) ;
#1436 = VECTOR ( 'NONE', #1620, 1000.000000000000000 ) ;
#1437 = ORIENTED_EDGE ( 'NONE', *, *, #806, .F. ) ;
#1438 = CYLINDRICAL_SURFACE ( 'NONE', #1217, 1.649999999999995248 ) ;
#1439 = ORIENTED_EDGE ( 'NONE', *, *, #1559, .F. ) ;
#1440 = ORIENTED_EDGE ( 'NONE', *, *, #1706, .F. ) ;
#1441 = ORIENTED_EDGE ( 'NONE', *, *, #588, .F. ) ;
#1442 = EDGE_CURVE ( 'NONE', #1497, #1317, #420, .T. ) ;
#1443 = DIRECTION ( 'NONE',  ( 1.000000000000000000, -0.000000000000000000, -0.000000000000000000 ) ) ;
#1444 = ORIENTED_EDGE ( 'NONE', *, *, #259, .F. ) ;
#1445 = EDGE_CURVE ( 'NONE', #1595, #462, #1265, .T. ) ;
#1446 = DIRECTION ( 'NONE',  ( -1.000000000000000000, -0.000000000000000000, -0.000000000000000000 ) ) ;
#1447 = COLOUR_RGB ( '',1.000000000000000000, 1.000000000000000000, 1.000000000000000000 ) ;
#1448 = VERTEX_POINT ( 'NONE', #1469 ) ;
#1449 = DIRECTION ( 'NONE',  ( 0.000000000000000000, -1.000000000000000000, -0.000000000000000000 ) ) ;
#1450 = ADVANCED_FACE ( 'NONE', ( #1724 ), #1056, .F. ) ;
#1451 = ORIENTED_EDGE ( 'NONE', *, *, #842, .T. ) ;
#1452 = ORIENTED_EDGE ( 'NONE', *, *, #1267, .T. ) ;
#1453 = CARTESIAN_POINT ( 'NONE',  ( 9.999999999999996447, -34.99999999999997868, 8.499999999999989342 ) ) ;
#1454 = DIRECTION ( 'NONE',  ( 0.000000000000000000, 0.000000000000000000, 1.000000000000000000 ) ) ;
#1455 = EDGE_LOOP ( 'NONE', ( #1726, #1451, #531, #857, #415, #997, #1558, #1630, #20, #830 ) ) ;
#1456 = ADVANCED_FACE ( 'NONE', ( #812 ), #1438, .F. ) ;
#1457 = CARTESIAN_POINT ( 'NONE',  ( 16.50000000000000000, -31.99999999999998579, 0.000000000000000000 ) ) ;
#1458 = ORIENTED_EDGE ( 'NONE', *, *, #727, .T. ) ;
#1459 = LINE ( 'NONE', #951, #25 ) ;
#1460 = UNCERTAINTY_MEASURE_WITH_UNIT (LENGTH_MEASURE( 1.000000000000000082E-05 ), #843, 'distance_accuracy_value', 'NONE');
#1461 = DIRECTION ( 'NONE',  ( 0.000000000000000000, 0.000000000000000000, 1.000000000000000000 ) ) ;
#1462 = EDGE_LOOP ( 'NONE', ( #757, #374, #167, #377 ) ) ;
#1463 = CIRCLE ( 'NONE', #1661, 1.500000000000001332 ) ;
#1464 = CARTESIAN_POINT ( 'NONE',  ( 1.500000000000000222, -23.99999999999998579, 42.49999999999999289 ) ) ;
#1465 = DIRECTION ( 'NONE',  ( 1.000000000000000000, 0.000000000000000000, 0.000000000000000000 ) ) ;
#1466 = ORIENTED_EDGE ( 'NONE', *, *, #568, .T. ) ;
#1467 = DIRECTION ( 'NONE',  ( 1.000000000000000000, -0.000000000000000000, -0.000000000000000000 ) ) ;
#1468 = ORIENTED_EDGE ( 'NONE', *, *, #1689, .F. ) ;
#1469 = CARTESIAN_POINT ( 'NONE',  ( 1.500000000000000222, 35.00000000000001421, 10.00000000000000178 ) ) ;
#1470 = CARTESIAN_POINT ( 'NONE',  ( 4.500000000000000888, -31.99999999999998579, 17.49999999999999645 ) ) ;
#1471 = ORIENTED_EDGE ( 'NONE', *, *, #466, .T. ) ;
#1472 = LINE ( 'NONE', #288, #1097 ) ;
#1473 = ORIENTED_EDGE ( 'NONE', *, *, #1394, .F. ) ;
#1474 = CIRCLE ( 'NONE', #504, 1.500000000000001332 ) ;
#1475 = DIRECTION ( 'NONE',  ( 1.000000000000000000, 0.000000000000000000, 0.000000000000000000 ) ) ;
#1476 = CIRCLE ( 'NONE', #678, 4.000000000000000000 ) ;
#1477 = CARTESIAN_POINT ( 'NONE',  ( 6.500000000000000888, 0.000000000000000000, 49.99999999999999289 ) ) ;
#1478 = LINE ( 'NONE', #1589, #237 ) ;
#1479 = ORIENTED_EDGE ( 'NONE', *, *, #216, .T. ) ;
#1480 = CARTESIAN_POINT ( 'NONE',  ( 6.500000000000000888, -31.99999999999998579, 60.00000000000000000 ) ) ;
#1481 = VERTEX_POINT ( 'NONE', #18 ) ;
#1482 = CARTESIAN_POINT ( 'NONE',  ( 9.999999999999996447, -34.99999999999997868, 51.50000000000000711 ) ) ;
#1483 = CARTESIAN_POINT ( 'NONE',  ( -4.500000000000000888, -31.99999999999998579, 42.49999999999999289 ) ) ;
#1484 = ADVANCED_FACE ( 'NONE', ( #1074 ), #427, .T. ) ;
#1485 = LINE ( 'NONE', #146, #432 ) ;
#1486 = EDGE_LOOP ( 'NONE', ( #133, #605, #1282, #1358 ) ) ;
#1487 = DIRECTION ( 'NONE',  ( -1.000000000000000000, 0.000000000000000000, 0.000000000000000000 ) ) ;
#1488 = ORIENTED_EDGE ( 'NONE', *, *, #851, .F. ) ;
#1489 = AXIS2_PLACEMENT_3D ( 'NONE', #1350, #13, #1344 ) ;
#1490 = SURFACE_STYLE_FILL_AREA ( #783 ) ;
#1491 = CYLINDRICAL_SURFACE ( 'NONE', #198, 1.500000000000001332 ) ;
#1492 = CARTESIAN_POINT ( 'NONE',  ( 1.500000000000000222, -34.99999999999999289, 60.00000000000000000 ) ) ;
#1493 = VECTOR ( 'NONE', #370, 1000.000000000000000 ) ;
#1494 = CARTESIAN_POINT ( 'NONE',  ( 1.500000000000000222, -23.99999999999998579, 42.49999999999999289 ) ) ;
#1495 = ORIENTED_EDGE ( 'NONE', *, *, #1388, .T. ) ;
#1496 = CARTESIAN_POINT ( 'NONE',  ( -1.499999999999999778, -6.049999999999985612, 28.34999999999999787 ) ) ;
#1497 = VERTEX_POINT ( 'NONE', #1212 ) ;
#1498 = AXIS2_PLACEMENT_3D ( 'NONE', #615, #1008, #1273 ) ;
#1499 = APPLICATION_PROTOCOL_DEFINITION ( 'draft international standard', 'automotive_design', 1998, #1328 ) ;
#1500 = CARTESIAN_POINT ( 'NONE',  ( 9.999999999999996447, -31.99999999999997158, 9.999999999999991118 ) ) ;
#1501 = CARTESIAN_POINT ( 'NONE',  ( 8.500000000000000000, -6.049999999999985612, 30.00000000000000000 ) ) ;
#1502 = AXIS2_PLACEMENT_3D ( 'NONE', #372, #215, #1266 ) ;
#1503 = DIRECTION ( 'NONE',  ( -1.000000000000000000, 0.000000000000000000, 0.000000000000000000 ) ) ;
#1504 = CARTESIAN_POINT ( 'NONE',  ( -1.499999999999999778, -34.99999999999999289, 60.00000000000000000 ) ) ;
#1505 = ORIENTED_EDGE ( 'NONE', *, *, #1635, .T. ) ;
#1506 = EDGE_CURVE ( 'NONE', #119, #1575, #24, .T. ) ;
#1507 = DIRECTION ( 'NONE',  ( 0.000000000000000000, 0.000000000000000000, -1.000000000000000000 ) ) ;
#1508 = AXIS2_PLACEMENT_3D ( 'NONE', #1533, #318, #985 ) ;
#1509 = EDGE_CURVE ( 'NONE', #926, #387, #388, .T. ) ;
#1510 = ADVANCED_FACE ( 'NONE', ( #977 ), #578, .F. ) ;
#1511 = LINE ( 'NONE', #190, #1369 ) ;
#1512 = CARTESIAN_POINT ( 'NONE',  ( 0.000000000000000000, 0.000000000000000000, 60.00000000000000000 ) ) ;
#1513 = DIRECTION ( 'NONE',  ( 0.000000000000000000, 0.000000000000000000, 1.000000000000000000 ) ) ;
#1514 = VERTEX_POINT ( 'NONE', #959 ) ;
#1515 = CIRCLE ( 'NONE', #552, 1.650000000000012568 ) ;
#1516 = EDGE_LOOP ( 'NONE', ( #944, #1715, #160, #1301 ) ) ;
#1517 = EDGE_CURVE ( 'NONE', #1564, #990, #501, .T. ) ;
#1518 = DIRECTION ( 'NONE',  ( -1.000000000000000000, -0.000000000000000000, -0.000000000000000000 ) ) ;
#1519 = ORIENTED_EDGE ( 'NONE', *, *, #155, .F. ) ;
#1520 = FACE_BOUND ( 'NONE', #1664, .T. ) ;
#1521 = DIRECTION ( 'NONE',  ( 0.000000000000000000, 1.000000000000000000, 0.000000000000000000 ) ) ;
#1522 = DIRECTION ( 'NONE',  ( 0.000000000000000000, 1.000000000000000000, -0.000000000000000000 ) ) ;
#1523 = LINE ( 'NONE', #1654, #1336 ) ;
#1524 = DIRECTION ( 'NONE',  ( -0.000000000000000000, -1.000000000000000000, 1.746201397408411042E-19 ) ) ;
#1525 = ORIENTED_EDGE ( 'NONE', *, *, #187, .T. ) ;
#1526 = DIRECTION ( 'NONE',  ( 0.000000000000000000, 0.000000000000000000, -1.000000000000000000 ) ) ;
#1527 = CARTESIAN_POINT ( 'NONE',  ( -6.500000000000000888, 0.000000000000000000, 49.99999999999999289 ) ) ;
#1528 = LINE ( 'NONE', #343, #1606 ) ;
#1529 = FACE_OUTER_BOUND ( 'NONE', #1323, .T. ) ;
#1530 = LINE ( 'NONE', #1663, #278 ) ;
#1531 = EDGE_LOOP ( 'NONE', ( #224, #1114, #668, #1578 ) ) ;
#1532 =( NAMED_UNIT ( * ) PLANE_ANGLE_UNIT ( ) SI_UNIT ( $, .RADIAN. ) );
#1533 = CARTESIAN_POINT ( 'NONE',  ( -16.50100000000000122, 15.40954544295056472, 21.09045455704954719 ) ) ;
#1534 = CARTESIAN_POINT ( 'NONE',  ( -1.499999999999999778, 35.00000000000001421, 49.99999999999999289 ) ) ;
#1535 = PRODUCT_DEFINITION ( '未知', '', #981, #33 ) ;
#1536 = AXIS2_PLACEMENT_3D ( 'NONE', #1504, #1117, #1650 ) ;
#1537 = DIRECTION ( 'NONE',  ( 1.000000000000000000, -0.000000000000000000, -0.000000000000000000 ) ) ;
#1538 = ORIENTED_EDGE ( 'NONE', *, *, #1118, .F. ) ;
#1539 = ADVANCED_FACE ( 'NONE', ( #1363, #32, #599, #1219, #1646, #173, #1520, #606 ), #1098, .F. ) ;
#1540 = DIRECTION ( 'NONE',  ( 0.000000000000000000, 0.000000000000000000, -1.000000000000000000 ) ) ;
#1541 = CARTESIAN_POINT ( 'NONE',  ( -16.50100000000000122, 6.500000000000015987, 30.00000000000000000 ) ) ;
#1542 = CARTESIAN_POINT ( 'NONE',  ( 1.500000000000000222, -2.409545442950532745, 21.09045455704954719 ) ) ;
#1543 = AXIS2_PLACEMENT_3D ( 'NONE', #414, #637, #941 ) ;
#1544 = AXIS2_PLACEMENT_3D ( 'NONE', #865, #1395, #1402 ) ;
#1545 = DIRECTION ( 'NONE',  ( -1.000000000000000000, 1.156482317317871331E-15, 0.000000000000000000 ) ) ;
#1546 = VERTEX_POINT ( 'NONE', #1123 ) ;
#1547 = CIRCLE ( 'NONE', #1360, 1.649999999999998579 ) ;
#1548 = DIRECTION ( 'NONE',  ( 0.000000000000000000, 0.000000000000000000, 1.000000000000000000 ) ) ;
#1549 = DIRECTION ( 'NONE',  ( 1.000000000000000000, -0.000000000000000000, -0.000000000000000000 ) ) ;
#1550 = AXIS2_PLACEMENT_3D ( 'NONE', #784, #97, #1272 ) ;
#1551 = CIRCLE ( 'NONE', #1320, 3.000000000000000000 ) ;
#1552 = CARTESIAN_POINT ( 'NONE',  ( 9.999999999999996447, -31.99999999999997158, 50.00000000000000000 ) ) ;
#1553 = VERTEX_POINT ( 'NONE', #728 ) ;
#1554 = ADVANCED_FACE ( 'NONE', ( #1240 ), #1626, .F. ) ;
#1555 = CARTESIAN_POINT ( 'NONE',  ( 16.50000000000000000, 0.000000000000000000, 10.00000000000000000 ) ) ;
#1556 = VERTEX_POINT ( 'NONE', #1483 ) ;
#1557 = CYLINDRICAL_SURFACE ( 'NONE', #1498, 1.500000000000001332 ) ;
#1558 = ORIENTED_EDGE ( 'NONE', *, *, #1380, .F. ) ;
#1559 = EDGE_CURVE ( 'NONE', #158, #1163, #1547, .T. ) ;
#1560 = CARTESIAN_POINT ( 'NONE',  ( -16.50100000000000122, 15.40954544295055584, 37.25954544295044002 ) ) ;
#1561 = EDGE_LOOP ( 'NONE', ( #839, #1458, #1315, #750, #1012 ) ) ;
#1562 = CIRCLE ( 'NONE', #1631, 1.500000000000001332 ) ;
#1563 = DIRECTION ( 'NONE',  ( 0.000000000000000000, 1.000000000000000000, -0.000000000000000000 ) ) ;
#1564 = VERTEX_POINT ( 'NONE', #332 ) ;
#1565 = DIRECTION ( 'NONE',  ( 1.000000000000000000, 0.000000000000000000, 0.000000000000000000 ) ) ;
#1566 = EDGE_CURVE ( 'NONE', #1567, #1155, #308, .T. ) ;
#1567 = VERTEX_POINT ( 'NONE', #854 ) ;
#1568 = VERTEX_POINT ( 'NONE', #702 ) ;
#1569 = ORIENTED_EDGE ( 'NONE', *, *, #727, .F. ) ;
#1570 = EDGE_CURVE ( 'NONE', #591, #408, #1379, .T. ) ;
#1571 = AXIS2_PLACEMENT_3D ( 'NONE', #379, #307, #1353 ) ;
#1572 = CARTESIAN_POINT ( 'NONE',  ( -16.50100000000000122, -2.409545442950532745, 21.09045455704954719 ) ) ;
#1573 = ORIENTED_EDGE ( 'NONE', *, *, #1262, .F. ) ;
#1574 = VECTOR ( 'NONE', #1657, 1000.000000000000000 ) ;
#1575 = VERTEX_POINT ( 'NONE', #1092 ) ;
#1576 = CARTESIAN_POINT ( 'NONE',  ( -1.499999999999999556, 15.40954544295055584, 37.25954544295044002 ) ) ;
#1577 = ORIENTED_EDGE ( 'NONE', *, *, #773, .T. ) ;
#1578 = ORIENTED_EDGE ( 'NONE', *, *, #1088, .F. ) ;
#1579 = LINE ( 'NONE', #1480, #1592 ) ;
#1580 = ORIENTED_EDGE ( 'NONE', *, *, #1147, .F. ) ;
#1581 = EDGE_CURVE ( 'NONE', #112, #490, #1225, .T. ) ;
#1582 =( GEOMETRIC_REPRESENTATION_CONTEXT ( 3 ) GLOBAL_UNCERTAINTY_ASSIGNED_CONTEXT ( ( #1460 ) ) GLOBAL_UNIT_ASSIGNED_CONTEXT ( ( #843, #576, #512 ) ) REPRESENTATION_CONTEXT ( 'NONE', 'WORKASPACE' ) );
#1583 = CARTESIAN_POINT ( 'NONE',  ( 1.500000000000000222, -2.409545442950527860, 38.90954544295045281 ) ) ;
#1584 = VERTEX_POINT ( 'NONE', #1389 ) ;
#1585 = CARTESIAN_POINT ( 'NONE',  ( -16.50000000000000000, -31.99999999999998579, 42.49999999999999289 ) ) ;
#1586 = VECTOR ( 'NONE', #1065, 1000.000000000000000 ) ;
#1587 = ORIENTED_EDGE ( 'NONE', *, *, #283, .F. ) ;
#1588 = CARTESIAN_POINT ( 'NONE',  ( -1.499999999999999778, 25.00000000000001421, 60.00000000000000000 ) ) ;
#1589 = CARTESIAN_POINT ( 'NONE',  ( -16.50100000000000122, 15.40954544295056472, 22.74045455704954222 ) ) ;
#1590 = ORIENTED_EDGE ( 'NONE', *, *, #1380, .T. ) ;
#1591 = ORIENTED_EDGE ( 'NONE', *, *, #509, .T. ) ;
#1592 = VECTOR ( 'NONE', #795, 1000.000000000000000 ) ;
#1593 = CARTESIAN_POINT ( 'NONE',  ( -1.499999999999999556, -2.409545442950527860, 37.25954544295044002 ) ) ;
#1594 = ORIENTED_EDGE ( 'NONE', *, *, #1570, .T. ) ;
#1595 = VERTEX_POINT ( 'NONE', #1634 ) ;
#1596 = CARTESIAN_POINT ( 'NONE',  ( 0.000000000000000000, 25.00000000000001421, 49.99999999999999289 ) ) ;
#1597 = ORIENTED_EDGE ( 'NONE', *, *, #382, .F. ) ;
#1598 = EDGE_CURVE ( 'NONE', #396, #313, #48, .T. ) ;
#1599 = FACE_OUTER_BOUND ( 'NONE', #655, .T. ) ;
#1600 = EDGE_CURVE ( 'NONE', #462, #990, #181, .T. ) ;
#1601 = CIRCLE ( 'NONE', #906, 4.000000000000000000 ) ;
#1602 = ORIENTED_EDGE ( 'NONE', *, *, #43, .F. ) ;
#1603 = DIRECTION ( 'NONE',  ( 0.000000000000000000, 0.000000000000000000, 1.000000000000000000 ) ) ;
#1604 = DIRECTION ( 'NONE',  ( 0.000000000000000000, 0.000000000000000000, 1.000000000000000000 ) ) ;
#1605 = ORIENTED_EDGE ( 'NONE', *, *, #995, .F. ) ;
#1606 = VECTOR ( 'NONE', #1638, 1000.000000000000000 ) ;
#1607 = LINE ( 'NONE', #1184, #908 ) ;
#1608 = VERTEX_POINT ( 'NONE', #587 ) ;
#1609 = LINE ( 'NONE', #1560, #802 ) ;
#1610 = CYLINDRICAL_SURFACE ( 'NONE', #701, 10.00000000000000178 ) ;
#1611 = DIRECTION ( 'NONE',  ( 1.000000000000000000, -0.000000000000000000, -0.000000000000000000 ) ) ;
#1612 = ORIENTED_EDGE ( 'NONE', *, *, #401, .T. ) ;
#1613 = DIRECTION ( 'NONE',  ( 1.000000000000000000, -0.000000000000000000, -0.000000000000000000 ) ) ;
#1614 = EDGE_LOOP ( 'NONE', ( #918, #1313, #364, #306 ) ) ;
#1615 = EDGE_LOOP ( 'NONE', ( #581, #1525, #1340, #904 ) ) ;
#1616 = VECTOR ( 'NONE', #633, 1000.000000000000000 ) ;
#1617 = CIRCLE ( 'NONE', #813, 1.500000000000001332 ) ;
#1618 = CARTESIAN_POINT ( 'NONE',  ( -1.499999999999999556, 6.500000000000015987, 30.00000000000000000 ) ) ;
#1619 = EDGE_CURVE ( 'NONE', #1163, #158, #1025, .T. ) ;
#1620 = DIRECTION ( 'NONE',  ( 0.000000000000000000, 1.000000000000000000, 0.000000000000000000 ) ) ;
#1621 = CARTESIAN_POINT ( 'NONE',  ( 6.500000000000000888, -31.99999999999998579, 10.00000000000000000 ) ) ;
#1622 = VERTEX_POINT ( 'NONE', #983 ) ;
#1623 = LINE ( 'NONE', #395, #827 ) ;
#1624 = ORIENTED_EDGE ( 'NONE', *, *, #401, .F. ) ;
#1625 = DIRECTION ( 'NONE',  ( -1.000000000000000000, -0.000000000000000000, -0.000000000000000000 ) ) ;
#1626 = CYLINDRICAL_SURFACE ( 'NONE', #589, 1.650000000000005684 ) ;
#1627 = LINE ( 'NONE', #815, #767 ) ;
#1628 = LINE ( 'NONE', #472, #46 ) ;
#1629 = EDGE_CURVE ( 'NONE', #119, #404, #1511, .T. ) ;
#1630 = ORIENTED_EDGE ( 'NONE', *, *, #665, .T. ) ;
#1631 = AXIS2_PLACEMENT_3D ( 'NONE', #439, #148, #689 ) ;
#1632 = ADVANCED_FACE ( 'NONE', ( #1250 ), #613, .F. ) ;
#1633 = CARTESIAN_POINT ( 'NONE',  ( 8.500000000000000000, -6.049999999999985612, 31.65000000000000568 ) ) ;
#1634 = CARTESIAN_POINT ( 'NONE',  ( -9.999999999999996447, -31.99999999999997158, 11.49999999999999289 ) ) ;
#1635 = EDGE_CURVE ( 'NONE', #1199, #816, #106, .T. ) ;
#1636 = CIRCLE ( 'NONE', #450, 1.650000000000012568 ) ;
#1637 = DIRECTION ( 'NONE',  ( 0.000000000000000000, -1.000000000000000000, 0.000000000000000000 ) ) ;
#1638 = DIRECTION ( 'NONE',  ( 1.000000000000000000, -0.000000000000000000, -0.000000000000000000 ) ) ;
#1639 = EDGE_LOOP ( 'NONE', ( #1332, #257, #1468, #141, #393, #1594 ) ) ;
#1640 = VECTOR ( 'NONE', #532, 1000.000000000000000 ) ;
#1641 = ADVANCED_FACE ( 'NONE', ( #1285 ), #868, .T. ) ;
#1642 = EDGE_CURVE ( 'NONE', #850, #1069, #314, .T. ) ;
#1643 = CARTESIAN_POINT ( 'NONE',  ( 6.500000000000000888, 0.000000000000000000, -0.000000000000000000 ) ) ;
#1644 = AXIS2_PLACEMENT_3D ( 'NONE', #348, #762, #94 ) ;
#1645 = VECTOR ( 'NONE', #1378, 1000.000000000000000 ) ;
#1646 = FACE_BOUND ( 'NONE', #771, .T. ) ;
#1647 = PRESENTATION_LAYER_ASSIGNMENT (  '', '', ( #1338 ) ) ;
#1648 = FACE_OUTER_BOUND ( 'NONE', #109, .T. ) ;
#1649 = EDGE_LOOP ( 'NONE', ( #1302, #1109, #563, #1466, #804 ) ) ;
#1650 = DIRECTION ( 'NONE',  ( 0.000000000000000000, -0.000000000000000000, 1.000000000000000000 ) ) ;
#1651 = ORIENTED_EDGE ( 'NONE', *, *, #123, .T. ) ;
#1652 = EDGE_CURVE ( 'NONE', #1069, #850, #1001, .T. ) ;
#1653 = EDGE_LOOP ( 'NONE', ( #1440, #132, #787, #901 ) ) ;
#1654 = CARTESIAN_POINT ( 'NONE',  ( 8.500000000000000000, 19.05000000000001847, 31.64999999999999858 ) ) ;
#1655 = AXIS2_PLACEMENT_3D ( 'NONE', #869, #580, #1116 ) ;
#1656 = ORIENTED_EDGE ( 'NONE', *, *, #1189, .F. ) ;
#1657 = DIRECTION ( 'NONE',  ( -0.000000000000000000, -0.000000000000000000, -1.000000000000000000 ) ) ;
#1658 = CARTESIAN_POINT ( 'NONE',  ( -1.499999999999999778, 25.00000000000001421, 10.00000000000000178 ) ) ;
#1659 = DIRECTION ( 'NONE',  ( -1.000000000000000000, 0.000000000000000000, 0.000000000000000000 ) ) ;
#1660 = CIRCLE ( 'NONE', #413, 1.649999999999995248 ) ;
#1661 = AXIS2_PLACEMENT_3D ( 'NONE', #229, #1024, #369 ) ;
#1662 = CARTESIAN_POINT ( 'NONE',  ( -1.499999999999999778, -34.99999999999999289, 60.00000000000000000 ) ) ;
#1663 = CARTESIAN_POINT ( 'NONE',  ( 1.500000000000000222, -23.99999999999998579, 17.49999999999999645 ) ) ;
#1664 = EDGE_LOOP ( 'NONE', ( #1602, #1597 ) ) ;
#1665 = CARTESIAN_POINT ( 'NONE',  ( 1.500000000000000888, -31.99999999999998579, 42.49999999999999289 ) ) ;
#1666 = CYLINDRICAL_SURFACE ( 'NONE', #984, 10.00000000000000178 ) ;
#1667 = CARTESIAN_POINT ( 'NONE',  ( -1.499999999999999778, -28.99999999999998934, 60.00000000000000000 ) ) ;
#1668 = VECTOR ( 'NONE', #375, 1000.000000000000000 ) ;
#1669 = FACE_OUTER_BOUND ( 'NONE', #1653, .T. ) ;
#1670 = EDGE_CURVE ( 'NONE', #45, #696, #1293, .T. ) ;
#1671 = LINE ( 'NONE', #205, #1493 ) ;
#1672 = ORIENTED_EDGE ( 'NONE', *, *, #525, .T. ) ;
#1673 = DIRECTION ( 'NONE',  ( 0.000000000000000000, 0.000000000000000000, 1.000000000000000000 ) ) ;
#1674 = CARTESIAN_POINT ( 'NONE',  ( -1.500000000000000888, -31.99999999999998579, 17.49999999999999645 ) ) ;
#1675 = CIRCLE ( 'NONE', #1084, 3.000000000000000000 ) ;
#1676 = LINE ( 'NONE', #1261, #1149 ) ;
#1677 = EDGE_CURVE ( 'NONE', #910, #523, #640, .T. ) ;
#1678 = VECTOR ( 'NONE', #600, 1000.000000000000000 ) ;
#1679 = CARTESIAN_POINT ( 'NONE',  ( 1.500000000000000444, 19.05000000000001847, 31.64999999999999858 ) ) ;
#1680 = ORIENTED_EDGE ( 'NONE', *, *, #221, .F. ) ;
#1681 = LINE ( 'NONE', #1665, #251 ) ;
#1682 = DIRECTION ( 'NONE',  ( 0.000000000000000000, 1.000000000000000000, -0.000000000000000000 ) ) ;
#1683 = CARTESIAN_POINT ( 'NONE',  ( -9.999999999999996447, -34.99999999999997868, 50.00000000000000000 ) ) ;
#1684 = AXIS2_PLACEMENT_3D ( 'NONE', #77, #1696, #352 ) ;
#1685 = CARTESIAN_POINT ( 'NONE',  ( -16.50000000000000000, -34.99999999999999289, 10.00000000000000000 ) ) ;
#1686 = ORIENTED_EDGE ( 'NONE', *, *, #469, .T. ) ;
#1687 = DIRECTION ( 'NONE',  ( 0.000000000000000000, 0.000000000000000000, 1.000000000000000000 ) ) ;
#1688 = FACE_BOUND ( 'NONE', #781, .T. ) ;
#1689 = EDGE_CURVE ( 'NONE', #1713, #1553, #619, .T. ) ;
#1690 = DIRECTION ( 'NONE',  ( -0.000000000000000000, -1.000000000000000000, -0.000000000000000000 ) ) ;
#1691 = EDGE_CURVE ( 'NONE', #1155, #519, #1675, .T. ) ;
#1692 = CARTESIAN_POINT ( 'NONE',  ( 9.999999999999996447, -31.99999999999997158, 9.999999999999991118 ) ) ;
#1693 = EDGE_LOOP ( 'NONE', ( #1299, #340, #542, #321 ) ) ;
#1694 = ADVANCED_FACE ( 'NONE', ( #883 ), #365, .F. ) ;
#1695 = CARTESIAN_POINT ( 'NONE',  ( 16.50000000000000000, -31.99999999999998579, 0.000000000000000000 ) ) ;
#1696 = DIRECTION ( 'NONE',  ( 0.000000000000000000, 0.000000000000000000, -1.000000000000000000 ) ) ;
#1697 = AXIS2_PLACEMENT_3D ( 'NONE', #358, #1280, #759 ) ;
#1698 = ORIENTED_EDGE ( 'NONE', *, *, #1509, .F. ) ;
#1699 = EDGE_CURVE ( 'NONE', #793, #37, #755, .T. ) ;
#1700 = FACE_OUTER_BOUND ( 'NONE', #131, .T. ) ;
#1701 = ORIENTED_EDGE ( 'NONE', *, *, #1254, .T. ) ;
#1702 = EDGE_CURVE ( 'NONE', #1222, #404, #1681, .T. ) ;
#1703 = CYLINDRICAL_SURFACE ( 'NONE', #622, 1.500000000000001332 ) ;
#1704 = ORIENTED_EDGE ( 'NONE', *, *, #1365, .F. ) ;
#1705 = DIRECTION ( 'NONE',  ( 0.000000000000000000, 0.000000000000000000, -1.000000000000000000 ) ) ;
#1706 = EDGE_CURVE ( 'NONE', #287, #476, #338, .T. ) ;
#1707 = ORIENTED_EDGE ( 'NONE', *, *, #699, .T. ) ;
#1708 = ORIENTED_EDGE ( 'NONE', *, *, #1322, .F. ) ;
#1709 = EDGE_LOOP ( 'NONE', ( #556, #1173, #249, #704 ) ) ;
#1710 = ORIENTED_EDGE ( 'NONE', *, *, #216, .F. ) ;
#1711 = AXIS2_PLACEMENT_3D ( 'NONE', #209, #1549, #499 ) ;
#1712 = FACE_BOUND ( 'NONE', #1387, .T. ) ;
#1713 = VERTEX_POINT ( 'NONE', #1413 ) ;
#1714 = CARTESIAN_POINT ( 'NONE',  ( -16.50100000000000122, -2.409545442950532745, 22.74045455704954222 ) ) ;
#1715 = ORIENTED_EDGE ( 'NONE', *, *, #161, .F. ) ;
#1716 = CARTESIAN_POINT ( 'NONE',  ( -9.999999999999996447, -34.99999999999997868, 8.499999999999989342 ) ) ;
#1717 = AXIS2_PLACEMENT_3D ( 'NONE', #1572, #1443, #389 ) ;
#1718 = AXIS2_PLACEMENT_3D ( 'NONE', #211, #1518, #740 ) ;
#1719 = ORIENTED_EDGE ( 'NONE', *, *, #473, .T. ) ;
#1720 = VERTEX_POINT ( 'NONE', #1258 ) ;
#1721 = CARTESIAN_POINT ( 'NONE',  ( 4.500000000000000888, -31.99999999999998579, 42.49999999999999289 ) ) ;
#1722 = VECTOR ( 'NONE', #134, 1000.000000000000000 ) ;
#1723 = ORIENTED_EDGE ( 'NONE', *, *, #187, .F. ) ;
#1724 = FACE_OUTER_BOUND ( 'NONE', #1063, .T. ) ;
#1725 = DIRECTION ( 'NONE',  ( -0.000000000000000000, -0.000000000000000000, -1.000000000000000000 ) ) ;
#1726 = ORIENTED_EDGE ( 'NONE', *, *, #1141, .F. ) ;
ENDSEC;
END-ISO-10303-21;
